[{"model": "users.emailverifyrecord", "pk": 1, "fields": {"code": "d3w1L4uauruwwAv6", "email": "selim@gmail.com", "send_type": "register", "send_time": "2019-12-12T16:02:01.082"}}, {"model": "users.emailverifyrecord", "pk": 2, "fields": {"code": "VRhlMfTHlWigoxcP", "email": "selim2@gmail.com", "send_type": "register", "send_time": "2019-12-12T16:54:14.293"}}, {"model": "users.emailverifyrecord", "pk": 3, "fields": {"code": "nIC5xa01pASCVVeP", "email": "richardrozario2000@gmail.com", "send_type": "register", "send_time": "2020-07-23T22:15:21.682"}}, {"model": "users.emailverifyrecord", "pk": 4, "fields": {"code": "udyxFHrXCkpQg42d", "email": "richardrozario.a@gmail.com", "send_type": "register", "send_time": "2020-12-29T14:37:26.415"}}, {"model": "users.emailverifyrecord", "pk": 5, "fields": {"code": "PUr07URLXTxtgxjo", "email": "neponiy927@aranelab.com", "send_type": "register", "send_time": "2020-12-29T14:41:35.405"}}, {"model": "users.emailverifyrecord", "pk": 6, "fields": {"code": "LyfIbQZb0Dk7rLTA", "email": "jolivoh685@aranelab.com", "send_type": "register", "send_time": "2020-12-29T15:53:53.823"}}, {"model": "users.emailverifyrecord", "pk": 7, "fields": {"code": "eqsWeKAwx0NbNIXP", "email": "gopis89308@epeva.com", "send_type": "register", "send_time": "2021-11-03T02:18:20.591"}}, {"model": "users.emailverifyrecord", "pk": 8, "fields": {"code": "Ee7dJE4NMPXVPmFF", "email": "vokayic130@niekie.com", "send_type": "register", "send_time": "2021-11-06T01:44:18.352"}}, {"model": "users.emailverifyrecord", "pk": 9, "fields": {"code": "jKr1fteTUxe9k8C8", "email": "vokayic130@niekie.com", "send_type": "forget", "send_time": "2021-11-06T02:20:59.996"}}, {"model": "users.emailverifyrecord", "pk": 10, "fields": {"code": "iv1PC83FMn0ZJcDR", "email": "tayoc23178@d3ff.com", "send_type": "register", "send_time": "2021-11-06T14:14:36.811"}}, {"model": "users.emailverifyrecord", "pk": 11, "fields": {"code": "ntj2bZy3fGekztjX", "email": "tayoc23178@d3ff.com", "send_type": "forget", "send_time": "2021-11-06T14:16:35.915"}}, {"model": "users.emailverifyrecord", "pk": 12, "fields": {"code": "oJSlOSWjeXU3G8Tc", "email": "yavafot798@ecofreon.com", "send_type": "register", "send_time": "2021-11-06T18:19:16.728"}}, {"model": "users.emailverifyrecord", "pk": 13, "fields": {"code": "kapgYpGGny72BGhh", "email": "makamat588@niekie.com", "send_type": "forget", "send_time": "2021-11-06T18:27:30.203"}}, {"model": "users.emailverifyrecord", "pk": 14, "fields": {"code": "jsJmI3UPuNQbGkps", "email": "richardrozario2000@gmail.com", "send_type": "forget", "send_time": "2021-11-09T18:54:12.074"}}, {"model": "users.emailverifyrecord", "pk": 15, "fields": {"code": "Dicukezb1mdd7w0p", "email": "pacofe7314@d3ff.com", "send_type": "register", "send_time": "2021-11-10T00:21:28.910"}}, {"model": "users.emailverifyrecord", "pk": 16, "fields": {"code": "HAu61HPH0D0BzCbR", "email": "productivv@yandex.com", "send_type": "forget", "send_time": "2021-11-10T01:40:20.808"}}, {"model": "users.emailverifyrecord", "pk": 17, "fields": {"code": "8g4Tnf2hs5O3OddU", "email": "pacofe7314@d3ff.com", "send_type": "forget", "send_time": "2021-11-10T01:42:47.769"}}, {"model": "users.emailverifyrecord", "pk": 18, "fields": {"code": "L6VpTJVo8Jw2UrPR", "email": "richardrozario2000@gmail.com", "send_type": "forget", "send_time": "2021-11-10T12:30:22.308"}}, {"model": "users.emailverifyrecord", "pk": 19, "fields": {"code": "E25SElJZbso7Baej", "email": "richardrozario2000@gmail.com", "send_type": "forget", "send_time": "2021-11-10T12:37:20.313"}}, {"model": "users.emailverifyrecord", "pk": 20, "fields": {"code": "k183fAFKwlTgT49X", "email": "richardrozario2000@gmail.com", "send_type": "forget", "send_time": "2021-11-10T12:39:15.273"}}, {"model": "users.emailverifyrecord", "pk": 21, "fields": {"code": "pxny4E837HFGFD6J", "email": "richardrozario2000@gmail.com", "send_type": "forget", "send_time": "2021-11-10T12:41:00.653"}}, {"model": "users.emailverifyrecord", "pk": 22, "fields": {"code": "y6JjqGHeaJHgR2MX", "email": "richardrozario2000@gmail.com", "send_type": "forget", "send_time": "2021-11-10T12:47:23.031"}}, {"model": "users.emailverifyrecord", "pk": 23, "fields": {"code": "p8bkRTm6wR5F6scf", "email": "richardrozario2000@gmail.com", "send_type": "forget", "send_time": "2021-11-10T12:48:06.052"}}, {"model": "users.emailverifyrecord", "pk": 24, "fields": {"code": "JLIsnjMVxaO0QdRt", "email": "richardrozario2000@gmail.com", "send_type": "forget", "send_time": "2021-11-10T12:49:11.072"}}, {"model": "users.emailverifyrecord", "pk": 25, "fields": {"code": "vpG6Ab15EG3Ys76a", "email": "richardrozario2000@gmail.com", "send_type": "forget", "send_time": "2021-11-10T12:50:13.071"}}, {"model": "users.emailverifyrecord", "pk": 26, "fields": {"code": "zM4szWkrglhToHgi", "email": "gocoj85587@datakop.com", "send_type": "register", "send_time": "2021-11-10T14:46:19.053"}}, {"model": "users.emailverifyrecord", "pk": 27, "fields": {"code": "rtzI4y6dVr51w9J7", "email": "gocoj85587@datakop.com", "send_type": "forget", "send_time": "2021-11-10T14:55:39.525"}}, {"model": "users.emailverifyrecord", "pk": 28, "fields": {"code": "Xq9luQbrNjzwdtIc", "email": "moketi3870@slvlog.com", "send_type": "register", "send_time": "2021-12-07T13:41:12.555"}}, {"model": "users.emailverifyrecord", "pk": 29, "fields": {"code": "hmdvHwongmBcWQB1", "email": "parede7753@suggerin.com", "send_type": "register", "send_time": "2021-12-07T14:23:46.603"}}, {"model": "users.emailverifyrecord", "pk": 30, "fields": {"code": "NErQXhs5awpeQBNn", "email": "saherey434@tinydef.com", "send_type": "register", "send_time": "2021-12-07T17:15:59.189"}}, {"model": "users.emailverifyrecord", "pk": 31, "fields": {"code": "uyKXh3qdIqjgjlnP", "email": "woyara6484@suggerin.com", "send_type": "register", "send_time": "2021-12-07T23:28:49.191"}}, {"model": "users.emailverifyrecord", "pk": 32, "fields": {"code": "ZQUsnc89jWDH6A7l", "email": "kijadi5078@mediafate.com", "send_type": "register", "send_time": "2021-12-10T20:17:36.583"}}, {"model": "users.emailverifyrecord", "pk": 33, "fields": {"code": "Z4Kfn4zD63STJWFj", "email": "ficiso9709@oglerau.com", "send_type": "register", "send_time": "2022-01-17T01:50:42.443"}}, {"model": "users.emailverifyrecord", "pk": 34, "fields": {"code": "yBVwYr0Xof4P4QmY", "email": "productivvacademy@gmail.com", "send_type": "forget", "send_time": "2022-01-17T03:15:43.120"}}, {"model": "users.emailverifyrecord", "pk": 35, "fields": {"code": "CbJTvIh5cSTQWlMu", "email": "productivvacademy@gmail.com", "send_type": "forget", "send_time": "2022-01-17T03:17:52.925"}}, {"model": "users.emailverifyrecord", "pk": 36, "fields": {"code": "H1vP5mio4IJl0aj6", "email": "jedofa9028@liepaia.com", "send_type": "register", "send_time": "2022-01-17T03:19:33.242"}}, {"model": "users.emailverifyrecord", "pk": 37, "fields": {"code": "kpoGsrRqE12qIpR3", "email": "jedofa9028@liepaia.com", "send_type": "forget", "send_time": "2022-01-17T03:22:22.711"}}, {"model": "users.emailverifyrecord", "pk": 38, "fields": {"code": "umem8eHSMpBRvh0t", "email": "jedofa9028@liepaia.com", "send_type": "forget", "send_time": "2022-01-17T03:24:50.268"}}, {"model": "users.emailverifyrecord", "pk": 39, "fields": {"code": "XMiE1LiEUbqqnK0V", "email": "capoto7536@dkb3.com", "send_type": "register", "send_time": "2022-01-17T03:30:01.638"}}, {"model": "users.emailverifyrecord", "pk": 40, "fields": {"code": "dEKJNPlUlrFUJQOU", "email": "refasid372@liepaia.com", "send_type": "register", "send_time": "2022-01-17T03:34:57.794"}}, {"model": "users.emailverifyrecord", "pk": 41, "fields": {"code": "ynctrw2UMzug6V2q", "email": "refasid372@liepaia.com", "send_type": "forget", "send_time": "2022-01-17T03:35:38.259"}}, {"model": "users.emailverifyrecord", "pk": 42, "fields": {"code": "fiq0q83NHPbxMhzx", "email": "golir42472@dkb3.com", "send_type": "register", "send_time": "2022-01-18T02:44:54.040"}}, {"model": "users.emailverifyrecord", "pk": 43, "fields": {"code": "hQfK2KUQDSBUvhHh", "email": "feniwo8348@leezro.com", "send_type": "register", "send_time": "2022-01-18T03:07:09.534"}}, {"model": "users.emailverifyrecord", "pk": 44, "fields": {"code": "FS8k3OxwjRxg9lzM", "email": "cimoyi2632@huekieu.com", "send_type": "register", "send_time": "2022-01-18T19:31:05.915"}}, {"model": "users.emailverifyrecord", "pk": 45, "fields": {"code": "cJlIOyLEpeHSm4Xe", "email": "cimoyi2632@huekieu.com", "send_type": "forget", "send_time": "2022-01-18T19:31:28.656"}}, {"model": "users.emailverifyrecord", "pk": 46, "fields": {"code": "fGvN1EtDXvcrZvm5", "email": "cimoyi2632@huekieu.com", "send_type": "forget", "send_time": "2022-01-18T19:54:38.687"}}, {"model": "users.emailverifyrecord", "pk": 47, "fields": {"code": "bDGf4FJ57zb3frzj", "email": "cimoyi2632@huekieu.com", "send_type": "forget", "send_time": "2022-01-18T20:21:36.968"}}, {"model": "users.banner", "pk": 2, "fields": {"title": "Best", "image": "banner/2019/12/photo-1512686096451-a15c19314d59-870x440.jpg", "url": "http://127.0.0.1:8000/course/video/1/", "index": 100, "add_time": "2019-12-13T13:34:41"}}, {"model": "users.banner", "pk": 3, "fields": {"title": "Star", "image": "banner/2019/12/photo-1461749280684-dccba630e2f6-870x440_CqplbTU.jpg", "url": "http://127.0.0.1:8000/course/list/", "index": 100, "add_time": "2019-12-10T13:36:05"}}, {"model": "users.banner", "pk": 4, "fields": {"title": "NEW", "image": "banner/2019/12/12345-1-75x75.png", "url": "https://www.youtube.com/watch?time_continue=2&v=-HFnR43ms1k&feature=emb_logo", "index": 100, "add_time": "2020-03-19T13:52:36"}}, {"model": "courses.course", "pk": 1, "fields": {"course_org": 1, "name": "CS50's Introduction to Computer Science", "desc": "An introduction to the intellectual enterprises of computer science and the art of programming.", "detail": "This is CS50x, Harvard University's introduction to the intellectual enterprises of computer science and the art of programming for majors and non-majors alike, with or without prior programming experience. An entry-level course taught by David J. Malan, CS50x teaches students how to think algorithmically and solve problems efficiently. Topics include abstraction, algorithms, data structures, encapsulation, resource management, security, software engineering, and web development. Languages include C, Python, SQL, and JavaScript plus CSS and HTML. Problem sets inspired by real-world domains of biology, cryptography, finance, forensics, and gaming. The on-campus version of CS50x, CS50, is Harvard's largest course.\r\n\r\nStudents who earn a satisfactory score on 9 problem sets (i.e., programming assignments) and a final project are eligible for a certificate. This is a self-paced course\u2013you may take CS50x on your own schedule.", "degree": "elementary", "learning_time": 600, "students": 1004, "teacher": 1, "fav_nums": 3, "category": "Computer Science", "tag": "broad and robust", "image": "course/2019/12/cs50.jpg", "click_nums": 1108, "before_diving_in": "Familiarity in a number of languages, including C, Python, SQL, and JavaScript plus CSS and HTML", "teacher_advice": "develop and present a final programming project to your peers", "is_banner": false, "add_time": "2019-12-10T20:13:11", "price": 100}}, {"model": "courses.course", "pk": 2, "fields": {"course_org": 2, "name": "AWS  Solutions Architect", "desc": "Want to pass the AWS Solutions Architect - Associate Exam? Want to become Amazon Web Services Certified? Do this course!", "detail": "Note: Our course material, like the AWS certification exams, are continually evolving. This course covers all you need to know to pass the 2019 exam AND the new 2020 exam (now available in Beta but will be generally available in 2020). Over half a million students have done our courses on Udemy. This course will be updated for free throughout 2020 and is the one stop shop for everything you need to pass the AWS Solutions Architect Associate exam.\r\n\r\nAre you looking for AWS Training?\r\n\r\nAmazon Web Services (AWS) Certification is fast becoming the must have certificates for any IT professional working with AWS. This course is designed to help you pass the AWS Certified Solutions Architect (CSA) - Associate Exam. Even if you have never logged in to the AWS platform before, by the end of our AWS training you will be able to take the CSA exam. No programming knowledge needed and no prior AWS experience required. With this AWS certification under your belt (and optionally after completing our AWS Certified Developer 2020 - also available on Udemy), you will be in high demand by many employers and you can command a superior salary. \r\n\r\n                        In this course we will start with a broad overview of the AWS platform and then deep dive into the individual elements of the AWS platform. You will explore Route53, EC2, S3, CloudFront, Auto Scaling, Load Balancing, RDS, RedShift, DynamoDB, EMR, VPC etc.", "degree": "advanced", "learning_time": 780, "students": 5, "teacher": 2, "fav_nums": 2, "category": "Solutions Architect", "tag": "Existing Solutions Architects", "image": "course/2019/12/1570696817_aws_story.jpg", "click_nums": 45, "before_diving_in": "hosting highly scaleable", "teacher_advice": "No prior AWS experience necessary", "is_banner": false, "add_time": "2019-12-11T15:52:05", "price": 100}}, {"model": "courses.course", "pk": 3, "fields": {"course_org": 2, "name": "AWS Lambda", "desc": "Learn how to write, deploy & manage your own AWS Lambda functions - to build amazing scalable, real-time cloud systems.", "detail": "Talk with authority about AWS Lambda\r\nWrite amazing application services that respond to S3/DynamoDB/Kinesis events\r\nUnderstand where/when to use AWS Lambda", "degree": "intermediate", "learning_time": 60, "students": 5, "teacher": 3, "fav_nums": 3, "category": "certified AWS", "tag": "authority about AWS Lambda", "image": "course/2019/12/PAC-Q.png", "click_nums": 73, "before_diving_in": "Write amazing application services", "teacher_advice": "Understand where/when to use AWS Lambda", "is_banner": false, "add_time": "2019-12-13T15:57:41", "price": 100}}, {"model": "courses.course", "pk": 4, "fields": {"course_org": 2, "name": "AWS Certified Developer", "desc": "Do you want AWS certification? Do you want to be an AWS Certified Developer Associate?", "detail": "Pass the AWS Certified Developer - Associate 2020 Exam\r\nBecome confident in creating basic Python and PHP code to manipulate AWS environments\r\nBecome intimately familiar with the AWS platform from a developer perspective.", "degree": "intermediate", "learning_time": 850, "students": 18, "teacher": 3, "fav_nums": 2, "category": "Development", "tag": "AWS Certified Developer", "image": "course/2019/12/AWS-Certified_Developer.png", "click_nums": 77, "before_diving_in": "confident in creating basic Python and PHP code", "teacher_advice": "Pass the AWS Certified Developer - Associate 2020 Exam", "is_banner": false, "add_time": "2019-12-13T17:16:09", "price": 1}}, {"model": "courses.course", "pk": 5, "fields": {"course_org": 3, "name": "Python In Tamil", "desc": "in this python course you will learn python completey from basics to advanced in tamil", "detail": "in this python course, you will learn python completely from basics to advanced in Tamil, with 2 real-time projects including creating a game in turtle, natural language processing using nltk", "degree": "intermediate", "learning_time": 550, "students": 8, "teacher": 4, "fav_nums": 0, "category": "Back-end development", "tag": "python", "image": "course/2021/01/1.png", "click_nums": 107, "before_diving_in": "nil", "teacher_advice": "https://chat.whatsapp.com/Dfjen2BBmftI0JI2h6lrVo", "is_banner": false, "add_time": "2021-01-01T19:55:35", "price": 500}}, {"model": "courses.lesson", "pk": 1, "fields": {"course": 1, "name": "Chapter 0       Binary. ASCII. Algorithms. Pseudocode. Scratch.", "add_time": "2019-12-10T20:19:28"}}, {"model": "courses.lesson", "pk": 2, "fields": {"course": 1, "name": "Chapter 1 Syntax. Variables. Data Types. Operators. Boolean Expressions and Conditionals. Loops.", "add_time": "2019-12-10T20:34:02"}}, {"model": "courses.lesson", "pk": 3, "fields": {"course": 1, "name": "Chapter 2 Compiling. Debugging. Arrays and Strings. Command-Line Interaction. Exit Codes. Searching.", "add_time": "2019-12-10T20:34:38"}}, {"model": "courses.lesson", "pk": 4, "fields": {"course": 1, "name": "Chapter 3 Functions. Tools for Debugging. More on Strings. Memory. Pointers. Structs.", "add_time": "2019-12-10T20:34:58"}}, {"model": "courses.lesson", "pk": 5, "fields": {"course": 1, "name": "Chapter 4 Valgrind. More on Structs. Linked Lists. Hash Tables. Trees. Tries.", "add_time": "2019-12-10T20:35:14"}}, {"model": "courses.lesson", "pk": 6, "fields": {"course": 1, "name": "Chapter 5 Internet Basics. HTTP. HTML. Forms. CSS. JavaScript.", "add_time": "2019-12-10T20:35:35"}}, {"model": "courses.lesson", "pk": 7, "fields": {"course": 1, "name": "Chapter 6 Python. Conditionals. Booleans. Loops. Data Types. Functions.", "add_time": "2019-12-10T20:35:53"}}, {"model": "courses.lesson", "pk": 8, "fields": {"course": 1, "name": "Chapter 7 Flask. MVC. Autocomplete. Events. Ajax. JSON.", "add_time": "2019-12-10T20:36:09"}}, {"model": "courses.lesson", "pk": 9, "fields": {"course": 1, "name": "Chapter 8 Cookies. Sessions. Databases. SQL. Race Conditions.", "add_time": "2019-12-10T20:36:38"}}, {"model": "courses.lesson", "pk": 10, "fields": {"course": 1, "name": "testing", "add_time": "2020-07-23T21:52:37"}}, {"model": "courses.lesson", "pk": 11, "fields": {"course": 2, "name": "testing", "add_time": "2020-12-30T22:56:00"}}, {"model": "courses.lesson", "pk": 12, "fields": {"course": 3, "name": "testing for aws lambda", "add_time": "2020-12-30T23:40:27"}}, {"model": "courses.lesson", "pk": 13, "fields": {"course": 4, "name": "first chapter", "add_time": "2020-12-30T23:42:02"}}, {"model": "courses.lesson", "pk": 14, "fields": {"course": 5, "name": "First Program", "add_time": "2021-01-01T20:17:15"}}, {"model": "courses.lesson", "pk": 15, "fields": {"course": 5, "name": "Math & Variables", "add_time": "2021-01-01T20:17:35"}}, {"model": "courses.lesson", "pk": 16, "fields": {"course": 5, "name": "Datatypes & Input Statement", "add_time": "2021-01-01T20:18:00"}}, {"model": "courses.video", "pk": 1, "fields": {"lesson": 1, "name": "Binary. ASCII. Algorithms. Pseudocode. Scratch.", "url": "http://127.0.0.1:8000/media/course/resource/201912/03_BinaryData_sm.mp4", "learning_time": 6, "add_time": "2019-12-10T20:37:08"}}, {"model": "courses.video", "pk": 2, "fields": {"lesson": 2, "name": "Syntax. Variables. Data Types. Operators. Boolean Expressions and Conditionals. Loops.", "url": "http://127.0.0.1:8000/media/course/resource/201912/01_HowComputersWork_sm.mp4", "learning_time": 5, "add_time": "2019-12-10T20:38:36"}}, {"model": "courses.video", "pk": 3, "fields": {"lesson": 10, "name": "testin", "url": "<div><div style=\"left: 0; width: 100%; height: 0; position: relative; padding-bottom: 56.25%;\"><figure style=\"left: 0; width: 100%; height: 0; position: relative; padding-bottom: 56.25%; margin-block-end: 0; margin-block-start: 0; margin-inline-start: 0; margin-inline-end: 0;\" ><iframe src=\"https://media.publit.io/file/2020-07-23-18-42-34.html?player=&amp;adtag=\" scrolling=\"no\" style=\"border: 0; top: 0; left: 0; width: 100%; height: 100%; position: absolute; overflow:hidden;\" allowfullscreen=\"\"></iframe></figure></div></div>", "learning_time": 10, "add_time": "2020-07-23T21:53:09"}}, {"model": "courses.video", "pk": 4, "fields": {"lesson": 5, "name": "another test", "url": "<iframe width=\"560\" height=\"315\" src=\"https://www.youtube.com/embed/s1HoJCD8xiE\" frameborder=\"0\" allow=\"accelerometer; autoplay; clipboard-write; encrypted-media; gyroscope; picture-in-picture\" allowfullscreen></iframe>", "learning_time": 5, "add_time": "2020-09-24T08:33:22"}}, {"model": "courses.video", "pk": 5, "fields": {"lesson": 11, "name": "testing the sidebar", "url": "wtv", "learning_time": 10, "add_time": "2020-12-30T22:55:39"}}, {"model": "courses.video", "pk": 6, "fields": {"lesson": 12, "name": "first video lambda", "url": "whatever bitches!!", "learning_time": 4, "add_time": "2020-12-30T23:40:21"}}, {"model": "courses.video", "pk": 7, "fields": {"lesson": 13, "name": "so it all works good huh", "url": "hmmmmmmm", "learning_time": 20, "add_time": "2020-12-30T23:41:58"}}, {"model": "courses.video", "pk": 8, "fields": {"lesson": 14, "name": "Installation & your first Program", "url": "<iframe width=\"420\" height=\"315\" src=\"https://www.youtube.com/embed/ishg30Ys0lU\" frameborder=\"0\" allow=\"accelerometer; autoplay; clipboard-write; encrypted-media; gyroscope; picture-in-picture\" allowfullscreen></iframe>", "learning_time": 10, "add_time": "2021-01-01T20:21:38"}}, {"model": "courses.video", "pk": 9, "fields": {"lesson": 15, "name": "Math Operations in Python", "url": "https://youtu.be/4cj0kf1Xq2s?list=PLANER45DdmE997-2__v6FrbRSPiApGAUo", "learning_time": 5, "add_time": "2021-01-01T20:24:38"}}, {"model": "courses.video", "pk": 10, "fields": {"lesson": 15, "name": "Variables", "url": "https://youtu.be/2rsqfCVRCqY?list=PLANER45DdmE997-2__v6FrbRSPiApGAUo", "learning_time": 3, "add_time": "2021-01-01T20:25:30"}}, {"model": "courses.video", "pk": 11, "fields": {"lesson": 16, "name": "Datatypes", "url": "https://youtu.be/x7z3O1s7mXU?list=PLANER45DdmE997-2__v6FrbRSPiApGAUo", "learning_time": 6, "add_time": "2021-01-01T20:26:29"}}, {"model": "courses.video", "pk": 12, "fields": {"lesson": 16, "name": "Input Statement", "url": "https://youtu.be/TghDATI7xWA?list=PLANER45DdmE997-2__v6FrbRSPiApGAUo", "learning_time": 7, "add_time": "2021-01-01T20:27:33"}}, {"model": "courses.video", "pk": 13, "fields": {"lesson": 16, "name": "Add Two Num", "url": "https://youtu.be/H0RkyHmek_A?list=PLANER45DdmE997-2__v6FrbRSPiApGAUo", "learning_time": 4, "add_time": "2021-01-01T20:28:14"}}, {"model": "courses.courseresource", "pk": 1, "fields": {"course": 1, "name": "How Computers work", "download": "course/resource/201912/01_HowComputersWork_sm.mp4", "add_time": "2019-12-13T16:55:02"}}, {"model": "courses.courseresource", "pk": 2, "fields": {"course": 1, "name": "Chapter 0       Binary. ASCII. Algorithms. Pseudocode. Scratch.", "download": "course/resource/201912/03_BinaryData_sm.mp4", "add_time": "2019-12-11T14:06:05"}}, {"model": "operation.usermessage", "pk": 1, "fields": {"user": 2, "message": "Welcome to our site.", "has_read": true, "add_time": "2019-12-12T16:02:00.909"}}, {"model": "operation.usermessage", "pk": 2, "fields": {"user": 3, "message": "Welcome to our site.", "has_read": false, "add_time": "2019-12-12T16:54:14.204"}}, {"model": "operation.usermessage", "pk": 3, "fields": {"user": 5, "message": "Welcome to our site.", "has_read": true, "add_time": "2020-07-23T22:15:21.613"}}, {"model": "operation.usermessage", "pk": 4, "fields": {"user": 6, "message": "Welcome to our site.", "has_read": false, "add_time": "2020-12-29T14:37:26.341"}}, {"model": "operation.usermessage", "pk": 5, "fields": {"user": 7, "message": "Welcome to our site.", "has_read": false, "add_time": "2020-12-29T14:41:35.320"}}, {"model": "operation.usermessage", "pk": 6, "fields": {"user": 8, "message": "Welcome to our site.", "has_read": true, "add_time": "2020-12-29T15:53:53.750"}}, {"model": "operation.usermessage", "pk": 7, "fields": {"user": 9, "message": "Welcome to our site.", "has_read": false, "add_time": "2021-11-03T02:18:20.518"}}, {"model": "operation.usermessage", "pk": 8, "fields": {"user": 10, "message": "Welcome to our site.", "has_read": false, "add_time": "2021-11-06T01:44:18.267"}}, {"model": "operation.usermessage", "pk": 9, "fields": {"user": 11, "message": "Welcome to our site.", "has_read": false, "add_time": "2021-11-06T14:14:36.735"}}, {"model": "operation.usermessage", "pk": 10, "fields": {"user": 12, "message": "Welcome to our site.", "has_read": false, "add_time": "2021-11-06T18:19:16.644"}}, {"model": "operation.usermessage", "pk": 11, "fields": {"user": 13, "message": "Welcome to our site.", "has_read": false, "add_time": "2021-11-06T18:26:24.423"}}, {"model": "operation.usermessage", "pk": 12, "fields": {"user": 14, "message": "Welcome to our site.", "has_read": false, "add_time": "2021-11-10T00:19:56.835"}}, {"model": "operation.usermessage", "pk": 13, "fields": {"user": 15, "message": "Welcome to our site.", "has_read": false, "add_time": "2021-11-10T00:21:28.826"}}, {"model": "operation.usermessage", "pk": 14, "fields": {"user": 16, "message": "Welcome to our site.", "has_read": false, "add_time": "2021-11-10T14:46:18.979"}}, {"model": "operation.usermessage", "pk": 15, "fields": {"user": 17, "message": "Welcome to our site.", "has_read": false, "add_time": "2021-12-07T13:41:12.470"}}, {"model": "operation.usermessage", "pk": 16, "fields": {"user": 18, "message": "Welcome to our site.", "has_read": false, "add_time": "2021-12-07T14:23:46.518"}}, {"model": "operation.usermessage", "pk": 17, "fields": {"user": 19, "message": "Welcome to our site.", "has_read": false, "add_time": "2021-12-07T17:15:59.081"}}, {"model": "operation.usermessage", "pk": 18, "fields": {"user": 20, "message": "Welcome to our site.", "has_read": false, "add_time": "2021-12-07T23:28:49.106"}}, {"model": "operation.usermessage", "pk": 19, "fields": {"user": 21, "message": "Welcome to our site.", "has_read": false, "add_time": "2021-12-10T20:17:36.461"}}, {"model": "operation.usermessage", "pk": 20, "fields": {"user": 22, "message": "Welcome to our site.", "has_read": false, "add_time": "2022-01-17T01:50:42.335"}}, {"model": "operation.usermessage", "pk": 21, "fields": {"user": 23, "message": "Welcome to our site.", "has_read": false, "add_time": "2022-01-17T03:19:33.163"}}, {"model": "operation.usermessage", "pk": 22, "fields": {"user": 24, "message": "Welcome to our site.", "has_read": false, "add_time": "2022-01-17T03:30:01.553"}}, {"model": "operation.usermessage", "pk": 23, "fields": {"user": 25, "message": "Welcome to our site.", "has_read": false, "add_time": "2022-01-17T03:34:57.719"}}, {"model": "operation.usermessage", "pk": 24, "fields": {"user": 26, "message": "Welcome to our site.", "has_read": false, "add_time": "2022-01-18T02:44:53.954"}}, {"model": "operation.usermessage", "pk": 25, "fields": {"user": 27, "message": "Welcome to our site.", "has_read": false, "add_time": "2022-01-18T03:07:09.447"}}, {"model": "operation.usermessage", "pk": 26, "fields": {"user": 28, "message": "Welcome to our site.", "has_read": false, "add_time": "2022-01-18T19:31:05.841"}}, {"model": "organizations.citydict", "pk": 1, "fields": {"name": "Cambridge", "desc": "Massachusetts, United States", "add_time": "2019-12-12T19:55:18"}}, {"model": "organizations.citydict", "pk": 2, "fields": {"name": "None", "desc": "None", "add_time": "2019-12-13T15:34:06"}}, {"model": "organizations.courseorg", "pk": 1, "fields": {"name": "HarvardX", "desc": "Free online courses from Harvard University\r\nHarvard University is devoted to excellence in teaching, learning, and research, and to developing leaders in many disciplines who make a difference globally. Harvard faculty are engaged with teaching and research to push the boundaries of human knowledge. The University has twelve degree-granting Schools in addition to the Radcliffe Institute for Advanced Study.\r\n\r\nEstablished in 1636, Harvard is the oldest institution of higher education in the United States. The University, which is based in Cambridge and Boston, Massachusetts, has an enrollment of over 20,000 degree candidates, including undergraduate, graduate, and professional students. Harvard has more than 360,000 alumni around the world.", "category": "college", "tag": "ITI", "click_nums": 1006, "fav_nums": 5, "image": "org/2019/12/scrnli_12_12_2019_8-04-21_PM.png", "address": "Cambridge, Massachusetts, United States", "city": 1, "add_time": "2019-12-10T20:03:44", "students": 100, "course_nums": 10}}, {"model": "organizations.courseorg", "pk": 2, "fields": {"name": "Udemy", "desc": "The leading global marketplace for learning and instruction\r\nBy connecting students all over the world to the best instructors, Udemy is helping individuals reach their goals and pursue their dreams.", "category": "training_agency", "tag": "ITI", "click_nums": 4, "fav_nums": 0, "image": "org/2019/12/default-meta-image.png", "address": "None", "city": 2, "add_time": "2019-12-13T15:35:19", "students": 0, "course_nums": 0}}, {"model": "organizations.courseorg", "pk": 3, "fields": {"name": "productivv", "desc": "ddd", "category": "individual", "tag": "ITI", "click_nums": 0, "fav_nums": 0, "image": "", "address": "dd", "city": 1, "add_time": "2021-10-22T20:06:12", "students": 0, "course_nums": 0}}, {"model": "organizations.teacher", "pk": 1, "fields": {"org": 1, "name": "David J. Malan", "work_years": 12, "work_company": "Harvard University", "work_position": "Professor", "points": "respect,prefect", "age": 38, "click_nums": 1000, "fav_nums": 10, "image": "teachers/2019/12/divd.jpg", "add_time": "2019-12-10T20:07:14"}}, {"model": "organizations.teacher", "pk": 2, "fields": {"org": 2, "name": "Ryan Kroonenburg", "work_years": 17, "work_company": "Cloud Guru", "work_position": "Founder", "points": "worked as a systems administrator, developer", "age": 41, "click_nums": 0, "fav_nums": 0, "image": "teachers/2019/12/default_middile_1.png", "add_time": "2019-12-10T15:47:34"}}, {"model": "organizations.teacher", "pk": 3, "fields": {"org": 2, "name": "Faye Ellis", "work_years": 20, "work_company": "Cloud Guru", "work_position": "Instructor at A Cloud Guru", "points": "passionate about cloud technology", "age": 45, "click_nums": 0, "fav_nums": 0, "image": "teachers/2019/12/default_middile_18.png", "add_time": "2019-12-10T15:50:12"}}, {"model": "organizations.teacher", "pk": 4, "fields": {"org": 3, "name": "Richard Rozario", "work_years": 2, "work_company": "Productivv Academy", "work_position": "CEO", "points": "charismatic, confident, cheerful", "age": 21, "click_nums": 0, "fav_nums": 0, "image": "", "add_time": "2022-01-17T03:44:50"}}, {"model": "captcha.captchastore", "pk": 257, "fields": {"challenge": "YWDI", "response": "ywdi", "hashkey": "aa815562220c5bab3ffa2cc2dda61b5c6a301261", "expiration": "2022-01-18T20:26:11.939"}}, {"model": "captcha.captchastore", "pk": 259, "fields": {"challenge": "MLTR", "response": "mltr", "hashkey": "d61c1c2f98d06e04fb8ffaf097aa4483d660a804", "expiration": "2022-01-18T20:29:39.439"}}, {"model": "captcha.captchastore", "pk": 260, "fields": {"challenge": "NXTN", "response": "nxtn", "hashkey": "f5f4bf441388f75940f6accd1fff729980473b7e", "expiration": "2022-01-18T20:30:10.710"}}, {"model": "contenttypes.contenttype", "pk": 1, "fields": {"app_label": "users", "model": "userprofile"}}, {"model": "contenttypes.contenttype", "pk": 2, "fields": {"app_label": "users", "model": "banner"}}, {"model": "contenttypes.contenttype", "pk": 3, "fields": {"app_label": "users", "model": "emailverifyrecord"}}, {"model": "contenttypes.contenttype", "pk": 4, "fields": {"app_label": "courses", "model": "course"}}, {"model": "contenttypes.contenttype", "pk": 5, "fields": {"app_label": "courses", "model": "courseresource"}}, {"model": "contenttypes.contenttype", "pk": 6, "fields": {"app_label": "courses", "model": "lesson"}}, {"model": "contenttypes.contenttype", "pk": 7, "fields": {"app_label": "courses", "model": "video"}}, {"model": "contenttypes.contenttype", "pk": 8, "fields": {"app_label": "operation", "model": "coursecomments"}}, {"model": "contenttypes.contenttype", "pk": 9, "fields": {"app_label": "operation", "model": "userask"}}, {"model": "contenttypes.contenttype", "pk": 10, "fields": {"app_label": "operation", "model": "usercourse"}}, {"model": "contenttypes.contenttype", "pk": 11, "fields": {"app_label": "operation", "model": "userfavorite"}}, {"model": "contenttypes.contenttype", "pk": 12, "fields": {"app_label": "operation", "model": "usermessage"}}, {"model": "contenttypes.contenttype", "pk": 13, "fields": {"app_label": "organizations", "model": "citydict"}}, {"model": "contenttypes.contenttype", "pk": 14, "fields": {"app_label": "organizations", "model": "courseorg"}}, {"model": "contenttypes.contenttype", "pk": 15, "fields": {"app_label": "organizations", "model": "teacher"}}, {"model": "contenttypes.contenttype", "pk": 16, "fields": {"app_label": "xadmin", "model": "bookmark"}}, {"model": "contenttypes.contenttype", "pk": 17, "fields": {"app_label": "xadmin", "model": "usersettings"}}, {"model": "contenttypes.contenttype", "pk": 18, "fields": {"app_label": "xadmin", "model": "userwidget"}}, {"model": "contenttypes.contenttype", "pk": 19, "fields": {"app_label": "xadmin", "model": "log"}}, {"model": "contenttypes.contenttype", "pk": 20, "fields": {"app_label": "captcha", "model": "captchastore"}}, {"model": "contenttypes.contenttype", "pk": 21, "fields": {"app_label": "admin", "model": "logentry"}}, {"model": "contenttypes.contenttype", "pk": 22, "fields": {"app_label": "auth", "model": "permission"}}, {"model": "contenttypes.contenttype", "pk": 23, "fields": {"app_label": "auth", "model": "group"}}, {"model": "contenttypes.contenttype", "pk": 24, "fields": {"app_label": "contenttypes", "model": "contenttype"}}, {"model": "contenttypes.contenttype", "pk": 25, "fields": {"app_label": "sessions", "model": "session"}}, {"model": "contenttypes.contenttype", "pk": 26, "fields": {"app_label": "courses", "model": "transaction"}}, {"model": "sessions.session", "pk": "1ouha9ysf25aesun1upcvgf2c2gpvs50", "fields": {"session_data": "OWRjNWI1ZjUwNTk5ZmVmMTRjNDZhY2EzMGZkYmFiNWJlY2NjMDQyMjp7Il9hdXRoX3VzZXJfaWQiOiI0IiwiX2F1dGhfdXNlcl9iYWNrZW5kIjoidXNlcnMudmlld3MuQ3VzdG9tQmFja2VuZCIsIl9hdXRoX3VzZXJfaGFzaCI6IjgyOTRhMzkwMTBlMjJkODQyMTBhN2RmM2VkZTQ2MTM4MjBlM2VjYzMiLCJuYXZfbWVudSI6Ilt7XCJ0aXRsZVwiOiBcIkFkbWluaXN0cmF0aW9uXCIsIFwibWVudXNcIjogW3tcInRpdGxlXCI6IFwiTG9nIGVudHJpZXNcIiwgXCJ1cmxcIjogXCIveGFkbWluL3hhZG1pbi9sb2cvXCIsIFwiaWNvblwiOiBcImZhIGZhLWNvZ1wiLCBcIm9yZGVyXCI6IDIwfV0sIFwiZmlyc3RfaWNvblwiOiBcImZhIGZhLWNvZ1wiLCBcImZpcnN0X3VybFwiOiBcIi94YWRtaW4veGFkbWluL2xvZy9cIn0sIHtcInRpdGxlXCI6IFwiQXV0aGVudGljYXRpb24gYW5kIEF1dGhvcml6YXRpb25cIiwgXCJtZW51c1wiOiBbe1widGl0bGVcIjogXCJHcm91cHNcIiwgXCJ1cmxcIjogXCIveGFkbWluL2F1dGgvZ3JvdXAvXCIsIFwiaWNvblwiOiBcImZhIGZhLWdyb3VwXCIsIFwib3JkZXJcIjogMn0sIHtcInRpdGxlXCI6IFwiUGVybWlzc2lvbnNcIiwgXCJ1cmxcIjogXCIveGFkbWluL2F1dGgvcGVybWlzc2lvbi9cIiwgXCJpY29uXCI6IFwiZmEgZmEtbG9ja1wiLCBcIm9yZGVyXCI6IDR9XSwgXCJmaXJzdF9pY29uXCI6IFwiZmEgZmEtZ3JvdXBcIiwgXCJmaXJzdF91cmxcIjogXCIveGFkbWluL2F1dGgvZ3JvdXAvXCJ9LCB7XCJ0aXRsZVwiOiBcIkN1cnJpY3VsdW1cIiwgXCJtZW51c1wiOiBbe1widGl0bGVcIjogXCJDdXJyaWN1bHVtXCIsIFwidXJsXCI6IFwiL3hhZG1pbi9jb3Vyc2VzL2NvdXJzZS9cIiwgXCJpY29uXCI6IG51bGwsIFwib3JkZXJcIjogN30sIHtcInRpdGxlXCI6IFwiQ2hhcHRlclwiLCBcInVybFwiOiBcIi94YWRtaW4vY291cnNlcy9sZXNzb24vXCIsIFwiaWNvblwiOiBudWxsLCBcIm9yZGVyXCI6IDh9LCB7XCJ0aXRsZVwiOiBcIlZpZGVvXCIsIFwidXJsXCI6IFwiL3hhZG1pbi9jb3Vyc2VzL3ZpZGVvL1wiLCBcImljb25cIjogbnVsbCwgXCJvcmRlclwiOiA5fSwge1widGl0bGVcIjogXCJDb3Vyc2VfcmVzb3VyY2VzXCIsIFwidXJsXCI6IFwiL3hhZG1pbi9jb3Vyc2VzL2NvdXJzZXJlc291cmNlL1wiLCBcImljb25cIjogbnVsbCwgXCJvcmRlclwiOiAxMH1dLCBcImZpcnN0X3VybFwiOiBcIi94YWRtaW4vY291cnNlcy9jb3Vyc2UvXCJ9LCB7XCJ0aXRsZVwiOiBcIk9wZXJhdGluZ1wiLCBcIm1lbnVzXCI6IFt7XCJ0aXRsZVwiOiBcIlVzZXJDb25zdWx0YXRpb25cIiwgXCJ1cmxcIjogXCIveGFkbWluL29wZXJhdGlvbi91c2VyYXNrL1wiLCBcImljb25cIjogbnVsbCwgXCJvcmRlclwiOiAxMX0sIHtcInRpdGxlXCI6IFwiVXNlckNvdXJzZVwiLCBcInVybFwiOiBcIi94YWRtaW4vb3BlcmF0aW9uL3VzZXJjb3Vyc2UvXCIsIFwiaWNvblwiOiBudWxsLCBcIm9yZGVyXCI6IDEyfSwge1widGl0bGVcIjogXCJVc2VyTWVzc2FnZVwiLCBcInVybFwiOiBcIi94YWRtaW4vb3BlcmF0aW9uL3VzZXJtZXNzYWdlL1wiLCBcImljb25cIjogbnVsbCwgXCJvcmRlclwiOiAxM30sIHtcInRpdGxlXCI6IFwiQ291cnNlVGl0bGVcIiwgXCJ1cmxcIjogXCIveGFkbWluL29wZXJhdGlvbi9jb3Vyc2Vjb21tZW50cy9cIiwgXCJpY29uXCI6IG51bGwsIFwib3JkZXJcIjogMTR9LCB7XCJ0aXRsZVwiOiBcIlVzZXJGYXZvcml0ZXNcIiwgXCJ1cmxcIjogXCIveGFkbWluL29wZXJhdGlvbi91c2VyZmF2b3JpdGUvXCIsIFwiaWNvblwiOiBudWxsLCBcIm9yZGVyXCI6IDE1fV0sIFwiZmlyc3RfdXJsXCI6IFwiL3hhZG1pbi9vcGVyYXRpb24vdXNlcmFzay9cIn0sIHtcInRpdGxlXCI6IFwiVXNlclwiLCBcIm1lbnVzXCI6IFt7XCJ0aXRsZVwiOiBcIlVzZXJJbmZvXCIsIFwidXJsXCI6IFwiL3hhZG1pbi91c2Vycy91c2VycHJvZmlsZS9cIiwgXCJpY29uXCI6IFwiZmEgZmEtdXNlclwiLCBcIm9yZGVyXCI6IDN9LCB7XCJ0aXRsZVwiOiBcIkVNYWlsVmVyaWZpY2F0aW9uQ29kZVwiLCBcInVybFwiOiBcIi94YWRtaW4vdXNlcnMvZW1haWx2ZXJpZnlyZWNvcmQvXCIsIFwiaWNvblwiOiBudWxsLCBcIm9yZGVyXCI6IDV9LCB7XCJ0aXRsZVwiOiBcIkNhcm91c2VsXCIsIFwidXJsXCI6IFwiL3hhZG1pbi91c2Vycy9iYW5uZXIvXCIsIFwiaWNvblwiOiBudWxsLCBcIm9yZGVyXCI6IDZ9XSwgXCJmaXJzdF9pY29uXCI6IFwiZmEgZmEtdXNlclwiLCBcImZpcnN0X3VybFwiOiBcIi94YWRtaW4vdXNlcnMvdXNlcnByb2ZpbGUvXCJ9LCB7XCJ0aXRsZVwiOiBcIm9yZ2FuaXphdGlvblwiLCBcIm1lbnVzXCI6IFt7XCJ0aXRsZVwiOiBcIkNpdHlcIiwgXCJ1cmxcIjogXCIveGFkbWluL29yZ2FuaXphdGlvbnMvY2l0eWRpY3QvXCIsIFwiaWNvblwiOiBudWxsLCBcIm9yZGVyXCI6IDE2fSwge1widGl0bGVcIjogXCJDb3Vyc2VPcmdhbml6YXRpb25cIiwgXCJ1cmxcIjogXCIveGFkbWluL29yZ2FuaXphdGlvbnMvY291cnNlb3JnL1wiLCBcImljb25cIjogbnVsbCwgXCJvcmRlclwiOiAxN30sIHtcInRpdGxlXCI6IFwiVGVhY2hlclwiLCBcInVybFwiOiBcIi94YWRtaW4vb3JnYW5pemF0aW9ucy90ZWFjaGVyL1wiLCBcImljb25cIjogbnVsbCwgXCJvcmRlclwiOiAxOH1dLCBcImZpcnN0X3VybFwiOiBcIi94YWRtaW4vb3JnYW5pemF0aW9ucy9jaXR5ZGljdC9cIn1dIiwiTElTVF9RVUVSWSI6W1siY291cnNlcyIsInZpZGVvIl0sIiJdfQ==", "expire_date": "2021-01-15T20:43:37.811"}}, {"model": "sessions.session", "pk": "24httifl1ayh45c1lnehvwet7l4m4dco", "fields": {"session_data": "MTQwN2NlMGNlZmIxNjcyYTg0YjZhMmE1NjdjMjhlYzg2M2RmN2NlMjp7Il9hdXRoX3VzZXJfaWQiOiI0IiwiX2F1dGhfdXNlcl9iYWNrZW5kIjoidXNlcnMudmlld3MuQ3VzdG9tQmFja2VuZCIsIl9hdXRoX3VzZXJfaGFzaCI6IjgyOTRhMzkwMTBlMjJkODQyMTBhN2RmM2VkZTQ2MTM4MjBlM2VjYzMifQ==", "expire_date": "2020-10-25T20:09:33.204"}}, {"model": "sessions.session", "pk": "2gbs9rz1fu3j7kmf7uhikhyr9mk2requ", "fields": {"session_data": "YmI1MWNmYmZkMmY3ZTQwNThjODM3ZjUzYjI0MTU0NzEwZTY2NGE4NDp7Il9hdXRoX3VzZXJfaWQiOiI0IiwiX2F1dGhfdXNlcl9iYWNrZW5kIjoidXNlcnMudmlld3MuQ3VzdG9tQmFja2VuZCIsIl9hdXRoX3VzZXJfaGFzaCI6IjgyOTRhMzkwMTBlMjJkODQyMTBhN2RmM2VkZTQ2MTM4MjBlM2VjYzMiLCJMSVNUX1FVRVJZIjpbWyJjb3Vyc2VzIiwidmlkZW8iXSwiIl19", "expire_date": "2020-08-10T16:56:37.802"}}, {"model": "sessions.session", "pk": "315184mvedth3zwq815pu1orv8d7o3ca", "fields": {"session_data": "MTQwN2NlMGNlZmIxNjcyYTg0YjZhMmE1NjdjMjhlYzg2M2RmN2NlMjp7Il9hdXRoX3VzZXJfaWQiOiI0IiwiX2F1dGhfdXNlcl9iYWNrZW5kIjoidXNlcnMudmlld3MuQ3VzdG9tQmFja2VuZCIsIl9hdXRoX3VzZXJfaGFzaCI6IjgyOTRhMzkwMTBlMjJkODQyMTBhN2RmM2VkZTQ2MTM4MjBlM2VjYzMifQ==", "expire_date": "2020-11-18T13:35:50.359"}}, {"model": "sessions.session", "pk": "56660bitdf3svi2n22433jr2tnz8pqru", "fields": {"session_data": "MTQwN2NlMGNlZmIxNjcyYTg0YjZhMmE1NjdjMjhlYzg2M2RmN2NlMjp7Il9hdXRoX3VzZXJfaWQiOiI0IiwiX2F1dGhfdXNlcl9iYWNrZW5kIjoidXNlcnMudmlld3MuQ3VzdG9tQmFja2VuZCIsIl9hdXRoX3VzZXJfaGFzaCI6IjgyOTRhMzkwMTBlMjJkODQyMTBhN2RmM2VkZTQ2MTM4MjBlM2VjYzMifQ==", "expire_date": "2021-01-14T09:43:12.636"}}, {"model": "sessions.session", "pk": "6l4mfijrb21efkrw4dr2wyx0dvwpqvng", "fields": {"session_data": "MjQ3Mzk0YTdjYTQxYTk2NjViZjljOWY1Y2IyYjg4NmMyY2M1ZWI3Yzp7Il9hdXRoX3VzZXJfaWQiOiI0IiwiX2F1dGhfdXNlcl9iYWNrZW5kIjoidXNlcnMudmlld3MuQ3VzdG9tQmFja2VuZCIsIl9hdXRoX3VzZXJfaGFzaCI6ImUwNmFiMmYyNmM4NmFjN2FhOGU4MzRhODYwMGM5MjNlMGU3NmIwNTUiLCJMSVNUX1FVRVJZIjpbWyJvcGVyYXRpb24iLCJ1c2VyY291cnNlIl0sIiJdfQ==", "expire_date": "2021-12-23T12:47:15.826"}}, {"model": "sessions.session", "pk": "6uvsm6s31mvtc003a2f4grf01528lfm7", "fields": {"session_data": "YmI1MWNmYmZkMmY3ZTQwNThjODM3ZjUzYjI0MTU0NzEwZTY2NGE4NDp7Il9hdXRoX3VzZXJfaWQiOiI0IiwiX2F1dGhfdXNlcl9iYWNrZW5kIjoidXNlcnMudmlld3MuQ3VzdG9tQmFja2VuZCIsIl9hdXRoX3VzZXJfaGFzaCI6IjgyOTRhMzkwMTBlMjJkODQyMTBhN2RmM2VkZTQ2MTM4MjBlM2VjYzMiLCJMSVNUX1FVRVJZIjpbWyJjb3Vyc2VzIiwidmlkZW8iXSwiIl19", "expire_date": "2020-10-08T08:47:57.852"}}, {"model": "sessions.session", "pk": "8bvp6iz5amwcpccyq4o3iq2ogwcz670k", "fields": {"session_data": "NGFlMDY0MzRkMjNmMjVkMDIxMDczMGI3YjcyZGQ5ZDljNDFhMWNkNjp7Il9hdXRoX3VzZXJfaWQiOiI5IiwiX2F1dGhfdXNlcl9iYWNrZW5kIjoidXNlcnMudmlld3MuQ3VzdG9tQmFja2VuZCIsIl9hdXRoX3VzZXJfaGFzaCI6ImFkYjU1NDUyOGQ4MTAwNGIzNGYyMTlhOTU4NDU0ZDRlZTNmNTBmYWYifQ==", "expire_date": "2021-11-17T02:19:46.958"}}, {"model": "sessions.session", "pk": "fh342aoab5qhkpjxprvlqilbqjr91e5r", "fields": {"session_data": "MTQwN2NlMGNlZmIxNjcyYTg0YjZhMmE1NjdjMjhlYzg2M2RmN2NlMjp7Il9hdXRoX3VzZXJfaWQiOiI0IiwiX2F1dGhfdXNlcl9iYWNrZW5kIjoidXNlcnMudmlld3MuQ3VzdG9tQmFja2VuZCIsIl9hdXRoX3VzZXJfaGFzaCI6IjgyOTRhMzkwMTBlMjJkODQyMTBhN2RmM2VkZTQ2MTM4MjBlM2VjYzMifQ==", "expire_date": "2020-09-02T20:38:53.871"}}, {"model": "sessions.session", "pk": "haxi0b3olnuwn9we02dfvzv86aq61nk9", "fields": {"session_data": "OWRjNWI1ZjUwNTk5ZmVmMTRjNDZhY2EzMGZkYmFiNWJlY2NjMDQyMjp7Il9hdXRoX3VzZXJfaWQiOiI0IiwiX2F1dGhfdXNlcl9iYWNrZW5kIjoidXNlcnMudmlld3MuQ3VzdG9tQmFja2VuZCIsIl9hdXRoX3VzZXJfaGFzaCI6IjgyOTRhMzkwMTBlMjJkODQyMTBhN2RmM2VkZTQ2MTM4MjBlM2VjYzMiLCJuYXZfbWVudSI6Ilt7XCJ0aXRsZVwiOiBcIkFkbWluaXN0cmF0aW9uXCIsIFwibWVudXNcIjogW3tcInRpdGxlXCI6IFwiTG9nIGVudHJpZXNcIiwgXCJ1cmxcIjogXCIveGFkbWluL3hhZG1pbi9sb2cvXCIsIFwiaWNvblwiOiBcImZhIGZhLWNvZ1wiLCBcIm9yZGVyXCI6IDIwfV0sIFwiZmlyc3RfaWNvblwiOiBcImZhIGZhLWNvZ1wiLCBcImZpcnN0X3VybFwiOiBcIi94YWRtaW4veGFkbWluL2xvZy9cIn0sIHtcInRpdGxlXCI6IFwiQXV0aGVudGljYXRpb24gYW5kIEF1dGhvcml6YXRpb25cIiwgXCJtZW51c1wiOiBbe1widGl0bGVcIjogXCJHcm91cHNcIiwgXCJ1cmxcIjogXCIveGFkbWluL2F1dGgvZ3JvdXAvXCIsIFwiaWNvblwiOiBcImZhIGZhLWdyb3VwXCIsIFwib3JkZXJcIjogMn0sIHtcInRpdGxlXCI6IFwiUGVybWlzc2lvbnNcIiwgXCJ1cmxcIjogXCIveGFkbWluL2F1dGgvcGVybWlzc2lvbi9cIiwgXCJpY29uXCI6IFwiZmEgZmEtbG9ja1wiLCBcIm9yZGVyXCI6IDR9XSwgXCJmaXJzdF9pY29uXCI6IFwiZmEgZmEtZ3JvdXBcIiwgXCJmaXJzdF91cmxcIjogXCIveGFkbWluL2F1dGgvZ3JvdXAvXCJ9LCB7XCJ0aXRsZVwiOiBcIkN1cnJpY3VsdW1cIiwgXCJtZW51c1wiOiBbe1widGl0bGVcIjogXCJDdXJyaWN1bHVtXCIsIFwidXJsXCI6IFwiL3hhZG1pbi9jb3Vyc2VzL2NvdXJzZS9cIiwgXCJpY29uXCI6IG51bGwsIFwib3JkZXJcIjogN30sIHtcInRpdGxlXCI6IFwiQ2hhcHRlclwiLCBcInVybFwiOiBcIi94YWRtaW4vY291cnNlcy9sZXNzb24vXCIsIFwiaWNvblwiOiBudWxsLCBcIm9yZGVyXCI6IDh9LCB7XCJ0aXRsZVwiOiBcIlZpZGVvXCIsIFwidXJsXCI6IFwiL3hhZG1pbi9jb3Vyc2VzL3ZpZGVvL1wiLCBcImljb25cIjogbnVsbCwgXCJvcmRlclwiOiA5fSwge1widGl0bGVcIjogXCJDb3Vyc2VfcmVzb3VyY2VzXCIsIFwidXJsXCI6IFwiL3hhZG1pbi9jb3Vyc2VzL2NvdXJzZXJlc291cmNlL1wiLCBcImljb25cIjogbnVsbCwgXCJvcmRlclwiOiAxMH1dLCBcImZpcnN0X3VybFwiOiBcIi94YWRtaW4vY291cnNlcy9jb3Vyc2UvXCJ9LCB7XCJ0aXRsZVwiOiBcIk9wZXJhdGluZ1wiLCBcIm1lbnVzXCI6IFt7XCJ0aXRsZVwiOiBcIlVzZXJDb25zdWx0YXRpb25cIiwgXCJ1cmxcIjogXCIveGFkbWluL29wZXJhdGlvbi91c2VyYXNrL1wiLCBcImljb25cIjogbnVsbCwgXCJvcmRlclwiOiAxMX0sIHtcInRpdGxlXCI6IFwiVXNlckNvdXJzZVwiLCBcInVybFwiOiBcIi94YWRtaW4vb3BlcmF0aW9uL3VzZXJjb3Vyc2UvXCIsIFwiaWNvblwiOiBudWxsLCBcIm9yZGVyXCI6IDEyfSwge1widGl0bGVcIjogXCJVc2VyTWVzc2FnZVwiLCBcInVybFwiOiBcIi94YWRtaW4vb3BlcmF0aW9uL3VzZXJtZXNzYWdlL1wiLCBcImljb25cIjogbnVsbCwgXCJvcmRlclwiOiAxM30sIHtcInRpdGxlXCI6IFwiQ291cnNlVGl0bGVcIiwgXCJ1cmxcIjogXCIveGFkbWluL29wZXJhdGlvbi9jb3Vyc2Vjb21tZW50cy9cIiwgXCJpY29uXCI6IG51bGwsIFwib3JkZXJcIjogMTR9LCB7XCJ0aXRsZVwiOiBcIlVzZXJGYXZvcml0ZXNcIiwgXCJ1cmxcIjogXCIveGFkbWluL29wZXJhdGlvbi91c2VyZmF2b3JpdGUvXCIsIFwiaWNvblwiOiBudWxsLCBcIm9yZGVyXCI6IDE1fV0sIFwiZmlyc3RfdXJsXCI6IFwiL3hhZG1pbi9vcGVyYXRpb24vdXNlcmFzay9cIn0sIHtcInRpdGxlXCI6IFwiVXNlclwiLCBcIm1lbnVzXCI6IFt7XCJ0aXRsZVwiOiBcIlVzZXJJbmZvXCIsIFwidXJsXCI6IFwiL3hhZG1pbi91c2Vycy91c2VycHJvZmlsZS9cIiwgXCJpY29uXCI6IFwiZmEgZmEtdXNlclwiLCBcIm9yZGVyXCI6IDN9LCB7XCJ0aXRsZVwiOiBcIkVNYWlsVmVyaWZpY2F0aW9uQ29kZVwiLCBcInVybFwiOiBcIi94YWRtaW4vdXNlcnMvZW1haWx2ZXJpZnlyZWNvcmQvXCIsIFwiaWNvblwiOiBudWxsLCBcIm9yZGVyXCI6IDV9LCB7XCJ0aXRsZVwiOiBcIkNhcm91c2VsXCIsIFwidXJsXCI6IFwiL3hhZG1pbi91c2Vycy9iYW5uZXIvXCIsIFwiaWNvblwiOiBudWxsLCBcIm9yZGVyXCI6IDZ9XSwgXCJmaXJzdF9pY29uXCI6IFwiZmEgZmEtdXNlclwiLCBcImZpcnN0X3VybFwiOiBcIi94YWRtaW4vdXNlcnMvdXNlcnByb2ZpbGUvXCJ9LCB7XCJ0aXRsZVwiOiBcIm9yZ2FuaXphdGlvblwiLCBcIm1lbnVzXCI6IFt7XCJ0aXRsZVwiOiBcIkNpdHlcIiwgXCJ1cmxcIjogXCIveGFkbWluL29yZ2FuaXphdGlvbnMvY2l0eWRpY3QvXCIsIFwiaWNvblwiOiBudWxsLCBcIm9yZGVyXCI6IDE2fSwge1widGl0bGVcIjogXCJDb3Vyc2VPcmdhbml6YXRpb25cIiwgXCJ1cmxcIjogXCIveGFkbWluL29yZ2FuaXphdGlvbnMvY291cnNlb3JnL1wiLCBcImljb25cIjogbnVsbCwgXCJvcmRlclwiOiAxN30sIHtcInRpdGxlXCI6IFwiVGVhY2hlclwiLCBcInVybFwiOiBcIi94YWRtaW4vb3JnYW5pemF0aW9ucy90ZWFjaGVyL1wiLCBcImljb25cIjogbnVsbCwgXCJvcmRlclwiOiAxOH1dLCBcImZpcnN0X3VybFwiOiBcIi94YWRtaW4vb3JnYW5pemF0aW9ucy9jaXR5ZGljdC9cIn1dIiwiTElTVF9RVUVSWSI6W1siY291cnNlcyIsInZpZGVvIl0sIiJdfQ==", "expire_date": "2021-03-27T00:39:31.840"}}, {"model": "sessions.session", "pk": "j7w273ooe0gt9el0klcujt3g4ft4k3j0", "fields": {"session_data": "MDlhNzcxMjVkYzVhODgyMGU4NTY4NzU1MTBiYmIzNTYwNzNlNjY3Mzp7Il9hdXRoX3VzZXJfaWQiOiIyIiwiX2F1dGhfdXNlcl9iYWNrZW5kIjoidXNlcnMudmlld3MuQ3VzdG9tQmFja2VuZCIsIl9hdXRoX3VzZXJfaGFzaCI6ImJlNmMxNmY5MWVjN2RkMmQwYmNlODgxNmRmM2U2ODNlNzQ3NzljNTMiLCJMSVNUX1FVRVJZIjpbWyJjb3Vyc2VzIiwidmlkZW8iXSwiIl19", "expire_date": "2019-12-29T14:12:25.001"}}, {"model": "sessions.session", "pk": "jolpjo76wasatjdjp8yf4y34eknqkqql", "fields": {"session_data": "MzZjNjU0MTFhOGQ5ZjBjYmVhNTU2M2FjNmE1OGQyZTQxZDg1OWVmODp7Il9hdXRoX3VzZXJfaWQiOiI0IiwiX2F1dGhfdXNlcl9iYWNrZW5kIjoidXNlcnMudmlld3MuQ3VzdG9tQmFja2VuZCIsIl9hdXRoX3VzZXJfaGFzaCI6ImUwNmFiMmYyNmM4NmFjN2FhOGU4MzRhODYwMGM5MjNlMGU3NmIwNTUiLCJMSVNUX1FVRVJZIjpbWyJjb3Vyc2VzIiwidmlkZW8iXSwiIl19", "expire_date": "2021-11-05T20:14:27.895"}}, {"model": "sessions.session", "pk": "k1bdysunkbjf2iqzp3xhi5zkfa422gio", "fields": {"session_data": "MTQwN2NlMGNlZmIxNjcyYTg0YjZhMmE1NjdjMjhlYzg2M2RmN2NlMjp7Il9hdXRoX3VzZXJfaWQiOiI0IiwiX2F1dGhfdXNlcl9iYWNrZW5kIjoidXNlcnMudmlld3MuQ3VzdG9tQmFja2VuZCIsIl9hdXRoX3VzZXJfaGFzaCI6IjgyOTRhMzkwMTBlMjJkODQyMTBhN2RmM2VkZTQ2MTM4MjBlM2VjYzMifQ==", "expire_date": "2020-09-13T22:31:56.063"}}, {"model": "sessions.session", "pk": "kx9nnxnmd5liyr93pyyl4zo6c13dr8wt", "fields": {"session_data": "ZjRhMDFhY2QwZDllMThiNjRjMzI0MTQwZjIzZGU5MmFjYjU0MjMyMTp7Il9hdXRoX3VzZXJfaWQiOiIyOSIsIl9hdXRoX3VzZXJfYmFja2VuZCI6InVzZXJzLnZpZXdzLkN1c3RvbUJhY2tlbmQiLCJfYXV0aF91c2VyX2hhc2giOiI0YmQ1N2UwMDJhMDAwNjI4MTdkYzkyNDY5NzlkYzZmNmUxMjI0OTQyIiwibmF2X21lbnUiOiJbe1widGl0bGVcIjogXCJBZG1pbmlzdHJhdGlvblwiLCBcIm1lbnVzXCI6IFt7XCJ0aXRsZVwiOiBcIkxvZyBlbnRyaWVzXCIsIFwidXJsXCI6IFwiL3hhZG1pbi94YWRtaW4vbG9nL1wiLCBcImljb25cIjogXCJmYSBmYS1jb2dcIiwgXCJvcmRlclwiOiAyMH1dLCBcImZpcnN0X2ljb25cIjogXCJmYSBmYS1jb2dcIiwgXCJmaXJzdF91cmxcIjogXCIveGFkbWluL3hhZG1pbi9sb2cvXCJ9LCB7XCJ0aXRsZVwiOiBcIkF1dGhlbnRpY2F0aW9uIGFuZCBBdXRob3JpemF0aW9uXCIsIFwibWVudXNcIjogW3tcInRpdGxlXCI6IFwiR3JvdXBzXCIsIFwidXJsXCI6IFwiL3hhZG1pbi9hdXRoL2dyb3VwL1wiLCBcImljb25cIjogXCJmYSBmYS1ncm91cFwiLCBcIm9yZGVyXCI6IDJ9LCB7XCJ0aXRsZVwiOiBcIlBlcm1pc3Npb25zXCIsIFwidXJsXCI6IFwiL3hhZG1pbi9hdXRoL3Blcm1pc3Npb24vXCIsIFwiaWNvblwiOiBcImZhIGZhLWxvY2tcIiwgXCJvcmRlclwiOiA0fV0sIFwiZmlyc3RfaWNvblwiOiBcImZhIGZhLWdyb3VwXCIsIFwiZmlyc3RfdXJsXCI6IFwiL3hhZG1pbi9hdXRoL2dyb3VwL1wifSwge1widGl0bGVcIjogXCJDdXJyaWN1bHVtXCIsIFwibWVudXNcIjogW3tcInRpdGxlXCI6IFwiQ3VycmljdWx1bVwiLCBcInVybFwiOiBcIi94YWRtaW4vY291cnNlcy9jb3Vyc2UvXCIsIFwiaWNvblwiOiBudWxsLCBcIm9yZGVyXCI6IDd9LCB7XCJ0aXRsZVwiOiBcIkNoYXB0ZXJcIiwgXCJ1cmxcIjogXCIveGFkbWluL2NvdXJzZXMvbGVzc29uL1wiLCBcImljb25cIjogbnVsbCwgXCJvcmRlclwiOiA4fSwge1widGl0bGVcIjogXCJWaWRlb1wiLCBcInVybFwiOiBcIi94YWRtaW4vY291cnNlcy92aWRlby9cIiwgXCJpY29uXCI6IG51bGwsIFwib3JkZXJcIjogOX0sIHtcInRpdGxlXCI6IFwiQ291cnNlX3Jlc291cmNlc1wiLCBcInVybFwiOiBcIi94YWRtaW4vY291cnNlcy9jb3Vyc2VyZXNvdXJjZS9cIiwgXCJpY29uXCI6IG51bGwsIFwib3JkZXJcIjogMTB9XSwgXCJmaXJzdF91cmxcIjogXCIveGFkbWluL2NvdXJzZXMvY291cnNlL1wifSwge1widGl0bGVcIjogXCJPcGVyYXRpbmdcIiwgXCJtZW51c1wiOiBbe1widGl0bGVcIjogXCJVc2VyQ29uc3VsdGF0aW9uXCIsIFwidXJsXCI6IFwiL3hhZG1pbi9vcGVyYXRpb24vdXNlcmFzay9cIiwgXCJpY29uXCI6IG51bGwsIFwib3JkZXJcIjogMTF9LCB7XCJ0aXRsZVwiOiBcIlVzZXJDb3Vyc2VcIiwgXCJ1cmxcIjogXCIveGFkbWluL29wZXJhdGlvbi91c2VyY291cnNlL1wiLCBcImljb25cIjogbnVsbCwgXCJvcmRlclwiOiAxMn0sIHtcInRpdGxlXCI6IFwiVXNlck1lc3NhZ2VcIiwgXCJ1cmxcIjogXCIveGFkbWluL29wZXJhdGlvbi91c2VybWVzc2FnZS9cIiwgXCJpY29uXCI6IG51bGwsIFwib3JkZXJcIjogMTN9LCB7XCJ0aXRsZVwiOiBcIkNvdXJzZVRpdGxlXCIsIFwidXJsXCI6IFwiL3hhZG1pbi9vcGVyYXRpb24vY291cnNlY29tbWVudHMvXCIsIFwiaWNvblwiOiBudWxsLCBcIm9yZGVyXCI6IDE0fSwge1widGl0bGVcIjogXCJVc2VyRmF2b3JpdGVzXCIsIFwidXJsXCI6IFwiL3hhZG1pbi9vcGVyYXRpb24vdXNlcmZhdm9yaXRlL1wiLCBcImljb25cIjogbnVsbCwgXCJvcmRlclwiOiAxNX1dLCBcImZpcnN0X3VybFwiOiBcIi94YWRtaW4vb3BlcmF0aW9uL3VzZXJhc2svXCJ9LCB7XCJ0aXRsZVwiOiBcIlVzZXJcIiwgXCJtZW51c1wiOiBbe1widGl0bGVcIjogXCJVc2VySW5mb1wiLCBcInVybFwiOiBcIi94YWRtaW4vdXNlcnMvdXNlcnByb2ZpbGUvXCIsIFwiaWNvblwiOiBcImZhIGZhLXVzZXJcIiwgXCJvcmRlclwiOiAzfSwge1widGl0bGVcIjogXCJFTWFpbFZlcmlmaWNhdGlvbkNvZGVcIiwgXCJ1cmxcIjogXCIveGFkbWluL3VzZXJzL2VtYWlsdmVyaWZ5cmVjb3JkL1wiLCBcImljb25cIjogbnVsbCwgXCJvcmRlclwiOiA1fSwge1widGl0bGVcIjogXCJDYXJvdXNlbFwiLCBcInVybFwiOiBcIi94YWRtaW4vdXNlcnMvYmFubmVyL1wiLCBcImljb25cIjogbnVsbCwgXCJvcmRlclwiOiA2fV0sIFwiZmlyc3RfaWNvblwiOiBcImZhIGZhLXVzZXJcIiwgXCJmaXJzdF91cmxcIjogXCIveGFkbWluL3VzZXJzL3VzZXJwcm9maWxlL1wifSwge1widGl0bGVcIjogXCJvcmdhbml6YXRpb25cIiwgXCJtZW51c1wiOiBbe1widGl0bGVcIjogXCJDaXR5XCIsIFwidXJsXCI6IFwiL3hhZG1pbi9vcmdhbml6YXRpb25zL2NpdHlkaWN0L1wiLCBcImljb25cIjogbnVsbCwgXCJvcmRlclwiOiAxNn0sIHtcInRpdGxlXCI6IFwiQ291cnNlT3JnYW5pemF0aW9uXCIsIFwidXJsXCI6IFwiL3hhZG1pbi9vcmdhbml6YXRpb25zL2NvdXJzZW9yZy9cIiwgXCJpY29uXCI6IG51bGwsIFwib3JkZXJcIjogMTd9LCB7XCJ0aXRsZVwiOiBcIlRlYWNoZXJcIiwgXCJ1cmxcIjogXCIveGFkbWluL29yZ2FuaXphdGlvbnMvdGVhY2hlci9cIiwgXCJpY29uXCI6IG51bGwsIFwib3JkZXJcIjogMTh9XSwgXCJmaXJzdF91cmxcIjogXCIveGFkbWluL29yZ2FuaXphdGlvbnMvY2l0eWRpY3QvXCJ9XSIsIkxJU1RfUVVFUlkiOltbInVzZXJzIiwidXNlcnByb2ZpbGUiXSwiIl19", "expire_date": "2022-02-02T10:38:27.454"}}, {"model": "sessions.session", "pk": "ladhksmbaypz3xnt3dly9h7xad3o3lg5", "fields": {"session_data": "NDkwOWU3NjM5NzgyNGIyZjE0ZTViZTQwZWRhMjRlY2Q4YjJhODczNzp7Il9hdXRoX3VzZXJfaWQiOiIyMiIsIl9hdXRoX3VzZXJfYmFja2VuZCI6InVzZXJzLnZpZXdzLkN1c3RvbUJhY2tlbmQiLCJfYXV0aF91c2VyX2hhc2giOiJkODg3Y2YzZmQ5NDg2NjBlMTQyYjZlNWMwYzM1MmI3N2UwODdkOGFiIn0=", "expire_date": "2022-01-31T01:51:01.974"}}, {"model": "sessions.session", "pk": "lhn0lomt0hh1cgobxzp9sg6oba3hcv5n", "fields": {"session_data": "MGJjN2Y2YTI2OWFiM2RiYWI1ODM1YzY1NGU0ZGY1YzYyYzdlZTE4NDp7Il9hdXRoX3VzZXJfaWQiOiI0IiwiX2F1dGhfdXNlcl9iYWNrZW5kIjoidXNlcnMudmlld3MuQ3VzdG9tQmFja2VuZCIsIl9hdXRoX3VzZXJfaGFzaCI6ImUwNmFiMmYyNmM4NmFjN2FhOGU4MzRhODYwMGM5MjNlMGU3NmIwNTUifQ==", "expire_date": "2021-12-24T17:43:21.291"}}, {"model": "sessions.session", "pk": "nzg33fvmj1vtw6sq94oh7rcgxxw58ztf", "fields": {"session_data": "MjgzNWYwYmQ2NzI0NTlkYjk2ODYxMzdmMGEzNmJkNGU1YTEyMTA3MDp7Il9hdXRoX3VzZXJfaWQiOiI0IiwiX2F1dGhfdXNlcl9iYWNrZW5kIjoidXNlcnMudmlld3MuQ3VzdG9tQmFja2VuZCIsIl9hdXRoX3VzZXJfaGFzaCI6ImUwNmFiMmYyNmM4NmFjN2FhOGU4MzRhODYwMGM5MjNlMGU3NmIwNTUiLCJMSVNUX1FVRVJZIjpbWyJ4YWRtaW4iLCJ1c2Vyd2lkZ2V0Il0sIiJdLCJ3aXphcmRfeGFkbWludXNlcndpZGdldF9hZG1pbl93aXphcmRfZm9ybV9wbHVnaW4iOnsic3RlcCI6bnVsbCwic3RlcF9kYXRhIjp7fSwic3RlcF9maWxlcyI6e30sImV4dHJhX2RhdGEiOnt9fX0=", "expire_date": "2021-12-25T01:14:48.000"}}, {"model": "sessions.session", "pk": "ujcesbvt0anz42mi2mf4v5mfcas973ja", "fields": {"session_data": "MGJjN2Y2YTI2OWFiM2RiYWI1ODM1YzY1NGU0ZGY1YzYyYzdlZTE4NDp7Il9hdXRoX3VzZXJfaWQiOiI0IiwiX2F1dGhfdXNlcl9iYWNrZW5kIjoidXNlcnMudmlld3MuQ3VzdG9tQmFja2VuZCIsIl9hdXRoX3VzZXJfaGFzaCI6ImUwNmFiMmYyNmM4NmFjN2FhOGU4MzRhODYwMGM5MjNlMGU3NmIwNTUifQ==", "expire_date": "2021-12-14T00:42:34.060"}}, {"model": "sessions.session", "pk": "z752va6hyqgxeg7ux80hsda0icvhmadm", "fields": {"session_data": "OWI0YzM0OWZkNDU0YmVlNWQ1M2ZhMzgyZmE5YzUzODc4ZDAxZDI0Mzp7Il9hdXRoX3VzZXJfaWQiOiIxNiIsIl9hdXRoX3VzZXJfYmFja2VuZCI6InVzZXJzLnZpZXdzLkN1c3RvbUJhY2tlbmQiLCJfYXV0aF91c2VyX2hhc2giOiI5MzUwZTc5M2RjODZhYzRlZmU4NzM0N2QxY2NlZGI5OWNlMzk5NjQ1In0=", "expire_date": "2021-11-24T14:57:30.985"}}, {"model": "auth.permission", "pk": 1, "fields": {"name": "Can add \u7528\u6237\u4fe1\u606f", "content_type": 1, "codename": "add_userprofile"}}, {"model": "auth.permission", "pk": 2, "fields": {"name": "Can change \u7528\u6237\u4fe1\u606f", "content_type": 1, "codename": "change_userprofile"}}, {"model": "auth.permission", "pk": 3, "fields": {"name": "Can delete \u7528\u6237\u4fe1\u606f", "content_type": 1, "codename": "delete_userprofile"}}, {"model": "auth.permission", "pk": 4, "fields": {"name": "Can add \u8f6e\u64ad\u56fe", "content_type": 2, "codename": "add_banner"}}, {"model": "auth.permission", "pk": 5, "fields": {"name": "Can change \u8f6e\u64ad\u56fe", "content_type": 2, "codename": "change_banner"}}, {"model": "auth.permission", "pk": 6, "fields": {"name": "Can delete \u8f6e\u64ad\u56fe", "content_type": 2, "codename": "delete_banner"}}, {"model": "auth.permission", "pk": 7, "fields": {"name": "Can add \u90ae\u7bb1\u9a8c\u8bc1\u7801", "content_type": 3, "codename": "add_emailverifyrecord"}}, {"model": "auth.permission", "pk": 8, "fields": {"name": "Can change \u90ae\u7bb1\u9a8c\u8bc1\u7801", "content_type": 3, "codename": "change_emailverifyrecord"}}, {"model": "auth.permission", "pk": 9, "fields": {"name": "Can delete \u90ae\u7bb1\u9a8c\u8bc1\u7801", "content_type": 3, "codename": "delete_emailverifyrecord"}}, {"model": "auth.permission", "pk": 10, "fields": {"name": "Can view \u7528\u6237\u4fe1\u606f", "content_type": 1, "codename": "view_userprofile"}}, {"model": "auth.permission", "pk": 11, "fields": {"name": "Can view \u8f6e\u64ad\u56fe", "content_type": 2, "codename": "view_banner"}}, {"model": "auth.permission", "pk": 12, "fields": {"name": "Can view \u90ae\u7bb1\u9a8c\u8bc1\u7801", "content_type": 3, "codename": "view_emailverifyrecord"}}, {"model": "auth.permission", "pk": 13, "fields": {"name": "Can add \u8bfe\u7a0b", "content_type": 4, "codename": "add_course"}}, {"model": "auth.permission", "pk": 14, "fields": {"name": "Can change \u8bfe\u7a0b", "content_type": 4, "codename": "change_course"}}, {"model": "auth.permission", "pk": 15, "fields": {"name": "Can delete \u8bfe\u7a0b", "content_type": 4, "codename": "delete_course"}}, {"model": "auth.permission", "pk": 16, "fields": {"name": "Can add \u8bfe\u7a0b\u8d44\u6e90", "content_type": 5, "codename": "add_courseresource"}}, {"model": "auth.permission", "pk": 17, "fields": {"name": "Can change \u8bfe\u7a0b\u8d44\u6e90", "content_type": 5, "codename": "change_courseresource"}}, {"model": "auth.permission", "pk": 18, "fields": {"name": "Can delete \u8bfe\u7a0b\u8d44\u6e90", "content_type": 5, "codename": "delete_courseresource"}}, {"model": "auth.permission", "pk": 19, "fields": {"name": "Can add \u7ae0\u8282", "content_type": 6, "codename": "add_lesson"}}, {"model": "auth.permission", "pk": 20, "fields": {"name": "Can change \u7ae0\u8282", "content_type": 6, "codename": "change_lesson"}}, {"model": "auth.permission", "pk": 21, "fields": {"name": "Can delete \u7ae0\u8282", "content_type": 6, "codename": "delete_lesson"}}, {"model": "auth.permission", "pk": 22, "fields": {"name": "Can add \u89c6\u9891", "content_type": 7, "codename": "add_video"}}, {"model": "auth.permission", "pk": 23, "fields": {"name": "Can change \u89c6\u9891", "content_type": 7, "codename": "change_video"}}, {"model": "auth.permission", "pk": 24, "fields": {"name": "Can delete \u89c6\u9891", "content_type": 7, "codename": "delete_video"}}, {"model": "auth.permission", "pk": 25, "fields": {"name": "Can view \u8bfe\u7a0b", "content_type": 4, "codename": "view_course"}}, {"model": "auth.permission", "pk": 26, "fields": {"name": "Can view \u8bfe\u7a0b\u8d44\u6e90", "content_type": 5, "codename": "view_courseresource"}}, {"model": "auth.permission", "pk": 27, "fields": {"name": "Can view \u7ae0\u8282", "content_type": 6, "codename": "view_lesson"}}, {"model": "auth.permission", "pk": 28, "fields": {"name": "Can view \u89c6\u9891", "content_type": 7, "codename": "view_video"}}, {"model": "auth.permission", "pk": 29, "fields": {"name": "Can add \u8bfe\u7a0b\u540d\u79f0", "content_type": 8, "codename": "add_coursecomments"}}, {"model": "auth.permission", "pk": 30, "fields": {"name": "Can change \u8bfe\u7a0b\u540d\u79f0", "content_type": 8, "codename": "change_coursecomments"}}, {"model": "auth.permission", "pk": 31, "fields": {"name": "Can delete \u8bfe\u7a0b\u540d\u79f0", "content_type": 8, "codename": "delete_coursecomments"}}, {"model": "auth.permission", "pk": 32, "fields": {"name": "Can add \u7528\u6237\u54a8\u8be2", "content_type": 9, "codename": "add_userask"}}, {"model": "auth.permission", "pk": 33, "fields": {"name": "Can change \u7528\u6237\u54a8\u8be2", "content_type": 9, "codename": "change_userask"}}, {"model": "auth.permission", "pk": 34, "fields": {"name": "Can delete \u7528\u6237\u54a8\u8be2", "content_type": 9, "codename": "delete_userask"}}, {"model": "auth.permission", "pk": 35, "fields": {"name": "Can add \u7528\u6237\u8bfe\u7a0b", "content_type": 10, "codename": "add_usercourse"}}, {"model": "auth.permission", "pk": 36, "fields": {"name": "Can change \u7528\u6237\u8bfe\u7a0b", "content_type": 10, "codename": "change_usercourse"}}, {"model": "auth.permission", "pk": 37, "fields": {"name": "Can delete \u7528\u6237\u8bfe\u7a0b", "content_type": 10, "codename": "delete_usercourse"}}, {"model": "auth.permission", "pk": 38, "fields": {"name": "Can add \u7528\u6237\u6536\u85cf", "content_type": 11, "codename": "add_userfavorite"}}, {"model": "auth.permission", "pk": 39, "fields": {"name": "Can change \u7528\u6237\u6536\u85cf", "content_type": 11, "codename": "change_userfavorite"}}, {"model": "auth.permission", "pk": 40, "fields": {"name": "Can delete \u7528\u6237\u6536\u85cf", "content_type": 11, "codename": "delete_userfavorite"}}, {"model": "auth.permission", "pk": 41, "fields": {"name": "Can add \u7528\u6237\u6d88\u606f", "content_type": 12, "codename": "add_usermessage"}}, {"model": "auth.permission", "pk": 42, "fields": {"name": "Can change \u7528\u6237\u6d88\u606f", "content_type": 12, "codename": "change_usermessage"}}, {"model": "auth.permission", "pk": 43, "fields": {"name": "Can delete \u7528\u6237\u6d88\u606f", "content_type": 12, "codename": "delete_usermessage"}}, {"model": "auth.permission", "pk": 44, "fields": {"name": "Can view \u8bfe\u7a0b\u540d\u79f0", "content_type": 8, "codename": "view_coursecomments"}}, {"model": "auth.permission", "pk": 45, "fields": {"name": "Can view \u7528\u6237\u54a8\u8be2", "content_type": 9, "codename": "view_userask"}}, {"model": "auth.permission", "pk": 46, "fields": {"name": "Can view \u7528\u6237\u8bfe\u7a0b", "content_type": 10, "codename": "view_usercourse"}}, {"model": "auth.permission", "pk": 47, "fields": {"name": "Can view \u7528\u6237\u6536\u85cf", "content_type": 11, "codename": "view_userfavorite"}}, {"model": "auth.permission", "pk": 48, "fields": {"name": "Can view \u7528\u6237\u6d88\u606f", "content_type": 12, "codename": "view_usermessage"}}, {"model": "auth.permission", "pk": 49, "fields": {"name": "Can add \u57ce\u5e02", "content_type": 13, "codename": "add_citydict"}}, {"model": "auth.permission", "pk": 50, "fields": {"name": "Can change \u57ce\u5e02", "content_type": 13, "codename": "change_citydict"}}, {"model": "auth.permission", "pk": 51, "fields": {"name": "Can delete \u57ce\u5e02", "content_type": 13, "codename": "delete_citydict"}}, {"model": "auth.permission", "pk": 52, "fields": {"name": "Can add \u8bfe\u7a0b\u673a\u6784", "content_type": 14, "codename": "add_courseorg"}}, {"model": "auth.permission", "pk": 53, "fields": {"name": "Can change \u8bfe\u7a0b\u673a\u6784", "content_type": 14, "codename": "change_courseorg"}}, {"model": "auth.permission", "pk": 54, "fields": {"name": "Can delete \u8bfe\u7a0b\u673a\u6784", "content_type": 14, "codename": "delete_courseorg"}}, {"model": "auth.permission", "pk": 55, "fields": {"name": "Can add \u6559\u5e08", "content_type": 15, "codename": "add_teacher"}}, {"model": "auth.permission", "pk": 56, "fields": {"name": "Can change \u6559\u5e08", "content_type": 15, "codename": "change_teacher"}}, {"model": "auth.permission", "pk": 57, "fields": {"name": "Can delete \u6559\u5e08", "content_type": 15, "codename": "delete_teacher"}}, {"model": "auth.permission", "pk": 58, "fields": {"name": "Can view \u57ce\u5e02", "content_type": 13, "codename": "view_citydict"}}, {"model": "auth.permission", "pk": 59, "fields": {"name": "Can view \u8bfe\u7a0b\u673a\u6784", "content_type": 14, "codename": "view_courseorg"}}, {"model": "auth.permission", "pk": 60, "fields": {"name": "Can view \u6559\u5e08", "content_type": 15, "codename": "view_teacher"}}, {"model": "auth.permission", "pk": 61, "fields": {"name": "Can add Bookmark", "content_type": 16, "codename": "add_bookmark"}}, {"model": "auth.permission", "pk": 62, "fields": {"name": "Can change Bookmark", "content_type": 16, "codename": "change_bookmark"}}, {"model": "auth.permission", "pk": 63, "fields": {"name": "Can delete Bookmark", "content_type": 16, "codename": "delete_bookmark"}}, {"model": "auth.permission", "pk": 64, "fields": {"name": "Can add User Setting", "content_type": 17, "codename": "add_usersettings"}}, {"model": "auth.permission", "pk": 65, "fields": {"name": "Can change User Setting", "content_type": 17, "codename": "change_usersettings"}}, {"model": "auth.permission", "pk": 66, "fields": {"name": "Can delete User Setting", "content_type": 17, "codename": "delete_usersettings"}}, {"model": "auth.permission", "pk": 67, "fields": {"name": "Can add User Widget", "content_type": 18, "codename": "add_userwidget"}}, {"model": "auth.permission", "pk": 68, "fields": {"name": "Can change User Widget", "content_type": 18, "codename": "change_userwidget"}}, {"model": "auth.permission", "pk": 69, "fields": {"name": "Can delete User Widget", "content_type": 18, "codename": "delete_userwidget"}}, {"model": "auth.permission", "pk": 70, "fields": {"name": "Can add log entry", "content_type": 19, "codename": "add_log"}}, {"model": "auth.permission", "pk": 71, "fields": {"name": "Can change log entry", "content_type": 19, "codename": "change_log"}}, {"model": "auth.permission", "pk": 72, "fields": {"name": "Can delete log entry", "content_type": 19, "codename": "delete_log"}}, {"model": "auth.permission", "pk": 73, "fields": {"name": "Can view Bookmark", "content_type": 16, "codename": "view_bookmark"}}, {"model": "auth.permission", "pk": 74, "fields": {"name": "Can view User Setting", "content_type": 17, "codename": "view_usersettings"}}, {"model": "auth.permission", "pk": 75, "fields": {"name": "Can view User Widget", "content_type": 18, "codename": "view_userwidget"}}, {"model": "auth.permission", "pk": 76, "fields": {"name": "Can view log entry", "content_type": 19, "codename": "view_log"}}, {"model": "auth.permission", "pk": 77, "fields": {"name": "Can add captcha store", "content_type": 20, "codename": "add_captchastore"}}, {"model": "auth.permission", "pk": 78, "fields": {"name": "Can change captcha store", "content_type": 20, "codename": "change_captchastore"}}, {"model": "auth.permission", "pk": 79, "fields": {"name": "Can delete captcha store", "content_type": 20, "codename": "delete_captchastore"}}, {"model": "auth.permission", "pk": 80, "fields": {"name": "Can view captcha store", "content_type": 20, "codename": "view_captchastore"}}, {"model": "auth.permission", "pk": 81, "fields": {"name": "Can add log entry", "content_type": 21, "codename": "add_logentry"}}, {"model": "auth.permission", "pk": 82, "fields": {"name": "Can change log entry", "content_type": 21, "codename": "change_logentry"}}, {"model": "auth.permission", "pk": 83, "fields": {"name": "Can delete log entry", "content_type": 21, "codename": "delete_logentry"}}, {"model": "auth.permission", "pk": 84, "fields": {"name": "Can view log entry", "content_type": 21, "codename": "view_logentry"}}, {"model": "auth.permission", "pk": 85, "fields": {"name": "Can add permission", "content_type": 22, "codename": "add_permission"}}, {"model": "auth.permission", "pk": 86, "fields": {"name": "Can change permission", "content_type": 22, "codename": "change_permission"}}, {"model": "auth.permission", "pk": 87, "fields": {"name": "Can delete permission", "content_type": 22, "codename": "delete_permission"}}, {"model": "auth.permission", "pk": 88, "fields": {"name": "Can add group", "content_type": 23, "codename": "add_group"}}, {"model": "auth.permission", "pk": 89, "fields": {"name": "Can change group", "content_type": 23, "codename": "change_group"}}, {"model": "auth.permission", "pk": 90, "fields": {"name": "Can delete group", "content_type": 23, "codename": "delete_group"}}, {"model": "auth.permission", "pk": 91, "fields": {"name": "Can view permission", "content_type": 22, "codename": "view_permission"}}, {"model": "auth.permission", "pk": 92, "fields": {"name": "Can view group", "content_type": 23, "codename": "view_group"}}, {"model": "auth.permission", "pk": 93, "fields": {"name": "Can add content type", "content_type": 24, "codename": "add_contenttype"}}, {"model": "auth.permission", "pk": 94, "fields": {"name": "Can change content type", "content_type": 24, "codename": "change_contenttype"}}, {"model": "auth.permission", "pk": 95, "fields": {"name": "Can delete content type", "content_type": 24, "codename": "delete_contenttype"}}, {"model": "auth.permission", "pk": 96, "fields": {"name": "Can view content type", "content_type": 24, "codename": "view_contenttype"}}, {"model": "auth.permission", "pk": 97, "fields": {"name": "Can add session", "content_type": 25, "codename": "add_session"}}, {"model": "auth.permission", "pk": 98, "fields": {"name": "Can change session", "content_type": 25, "codename": "change_session"}}, {"model": "auth.permission", "pk": 99, "fields": {"name": "Can delete session", "content_type": 25, "codename": "delete_session"}}, {"model": "auth.permission", "pk": 100, "fields": {"name": "Can view session", "content_type": 25, "codename": "view_session"}}, {"model": "auth.permission", "pk": 101, "fields": {"name": "Can add transaction", "content_type": 26, "codename": "add_transaction"}}, {"model": "auth.permission", "pk": 102, "fields": {"name": "Can change transaction", "content_type": 26, "codename": "change_transaction"}}, {"model": "auth.permission", "pk": 103, "fields": {"name": "Can delete transaction", "content_type": 26, "codename": "delete_transaction"}}, {"model": "auth.permission", "pk": 104, "fields": {"name": "Can view transaction", "content_type": 26, "codename": "view_transaction"}}, {"model": "auth.group", "pk": 1, "fields": {"name": "selim", "permissions": []}}, {"model": "users.userprofile", "pk": 2, "fields": {"password": "pbkdf2_sha256$100000$ZtsHc3sIA3Tz$4Th84AiQj81/E/eUzC+ZHFfLAq+umxLQowqoWCYHtgA=", "last_login": "2020-07-23T21:27:23.454", "is_superuser": true, "username": "selim1", "first_name": "", "last_name": "", "email": "selim@gmail.com", "is_staff": true, "is_active": true, "date_joined": "2019-12-12T16:02:00.537", "nick_name": "", "birthday": null, "gender": "male", "address": "", "mobile": null, "image": "image/2019/12/Devops5.png", "groups": [], "user_permissions": []}}, {"model": "users.userprofile", "pk": 3, "fields": {"password": "pbkdf2_sha256$100000$ZtsHc3sIA3Tz$4Th84AiQj81/E/eUzC+ZHFfLAq+umxLQowqoWCYHtgA=", "last_login": "2019-12-12T17:01:22.491", "is_superuser": false, "username": "selim2", "first_name": "", "last_name": "", "email": "selim2@gmail.com", "is_staff": false, "is_active": true, "date_joined": "2019-12-12T16:54:14.093", "nick_name": "", "birthday": null, "gender": "male", "address": "", "mobile": null, "image": "image/2019/12/Devops5_Zv91zQX.png", "groups": [], "user_permissions": []}}, {"model": "users.userprofile", "pk": 4, "fields": {"password": "pbkdf2_sha256$100000$HFpahs2k5BgZ$oHR6oBBDKphiLmaF3XGPgAn+EcI3JC6UJGtcd8Q1kuQ=", "last_login": "2022-01-18T18:12:49.394", "is_superuser": true, "username": "productivv", "first_name": "", "last_name": "", "email": "", "is_staff": true, "is_active": true, "date_joined": "2020-07-23T21:43:55.212", "nick_name": "Richard", "birthday": "2000-05-16", "gender": "male", "address": "Chennai", "mobile": "9176555773", "image": "image/2020/07/9w9iMqb.jpg", "groups": [], "user_permissions": []}}, {"model": "users.userprofile", "pk": 5, "fields": {"password": "pbkdf2_sha256$100000$eULgleTTUrAS$QYkAAQ/paDPMXyUrChPyTnp5BfldqNv/HyDyd83lfLs=", "last_login": "2020-12-29T14:22:46.426", "is_superuser": false, "username": "richardrozario2000@gmail.com", "first_name": "", "last_name": "", "email": "richardrozario2000@gmail.com", "is_staff": false, "is_active": true, "date_joined": "2020-07-23T22:15:21.412", "nick_name": "", "birthday": null, "gender": "male", "address": "", "mobile": null, "image": "image/default.png", "groups": [], "user_permissions": []}}, {"model": "users.userprofile", "pk": 6, "fields": {"password": "pbkdf2_sha256$100000$VI8laJMtVgpZ$MTDrNO/MUAabx4oI8WPdxGGc2sgc6dNey1BZPIkmIoM=", "last_login": null, "is_superuser": false, "username": "richardrozario.a@gmail.com", "first_name": "", "last_name": "", "email": "richardrozario.a@gmail.com", "is_staff": false, "is_active": true, "date_joined": "2020-12-29T14:37:26.124", "nick_name": "", "birthday": null, "gender": "male", "address": "", "mobile": null, "image": "image/default.png", "groups": [], "user_permissions": []}}, {"model": "users.userprofile", "pk": 7, "fields": {"password": "pbkdf2_sha256$100000$PAPVZNyTNHi1$L7r+I/jG6hM92msDEB3/HsZ5gT9301tqpW0feJcXZWE=", "last_login": "2022-01-18T20:07:09.332", "is_superuser": false, "username": "neponiy927@aranelab.com", "first_name": "", "last_name": "", "email": "neponiy927@aranelab.com", "is_staff": false, "is_active": true, "date_joined": "2020-12-29T14:41:35.025", "nick_name": "", "birthday": null, "gender": "male", "address": "", "mobile": null, "image": "image/default.png", "groups": [], "user_permissions": []}}, {"model": "users.userprofile", "pk": 8, "fields": {"password": "pbkdf2_sha256$100000$G4FlzWXHgmk8$JzDV1HUln9TewX5lmno4eDGpcDXTuyESK0C1RqsY3y4=", "last_login": "2022-01-18T20:14:01.508", "is_superuser": false, "username": "jolivoh685@aranelab.com", "first_name": "", "last_name": "", "email": "jolivoh685@aranelab.com", "is_staff": false, "is_active": true, "date_joined": "2020-12-29T15:53:53.533", "nick_name": "", "birthday": null, "gender": "male", "address": "", "mobile": null, "image": "image/default.png", "groups": [], "user_permissions": []}}, {"model": "users.userprofile", "pk": 9, "fields": {"password": "pbkdf2_sha256$100000$14y1NxfwDUp9$OccXJYOCsabNAhhPDf4Pq3k9ed/8Ea7Lf4lfyCi/ync=", "last_login": "2021-11-03T02:19:46.873", "is_superuser": false, "username": "gopis89308@epeva.com", "first_name": "", "last_name": "", "email": "gopis89308@epeva.com", "is_staff": false, "is_active": true, "date_joined": "2021-11-03T02:18:20.258", "nick_name": "", "birthday": null, "gender": "male", "address": "", "mobile": null, "image": "image/default.png", "groups": [], "user_permissions": []}}, {"model": "users.userprofile", "pk": 10, "fields": {"password": "pbkdf2_sha256$100000$MhkrtBwsbuHG$M52Sp2kLoWOVPtoVWnHFJ5eIQllLBUqvNOc31rIBpds=", "last_login": "2021-11-06T01:46:09.927", "is_superuser": false, "username": "vokayic130@niekie.com", "first_name": "", "last_name": "", "email": "vokayic130@niekie.com", "is_staff": false, "is_active": true, "date_joined": "2021-11-06T01:44:18.052", "nick_name": "", "birthday": null, "gender": "male", "address": "", "mobile": null, "image": "image/default.png", "groups": [], "user_permissions": []}}, {"model": "users.userprofile", "pk": 11, "fields": {"password": "pbkdf2_sha256$100000$Y9cZYcV33DKQ$qQkmxaQ4eCK/r9pROu/Tlcw239hDJpfp9750QYEGEnE=", "last_login": "2021-11-06T14:16:05.565", "is_superuser": false, "username": "tayoc23178@d3ff.com", "first_name": "", "last_name": "", "email": "tayoc23178@d3ff.com", "is_staff": false, "is_active": true, "date_joined": "2021-11-06T14:14:36.475", "nick_name": "", "birthday": null, "gender": "male", "address": "", "mobile": null, "image": "image/default.png", "groups": [], "user_permissions": []}}, {"model": "users.userprofile", "pk": 12, "fields": {"password": "pbkdf2_sha256$100000$Tuvllbyoygtr$PXA2HNST+N9qPyi0eWCc+g7N4J77dJmyc3sb54gOXj4=", "last_login": "2021-11-06T18:23:11.604", "is_superuser": false, "username": "yavafot798@ecofreon.com", "first_name": "", "last_name": "", "email": "yavafot798@ecofreon.com", "is_staff": false, "is_active": true, "date_joined": "2021-11-06T18:19:16.351", "nick_name": "", "birthday": null, "gender": "male", "address": "", "mobile": null, "image": "image/default.png", "groups": [], "user_permissions": []}}, {"model": "users.userprofile", "pk": 13, "fields": {"password": "pbkdf2_sha256$100000$5Hwfo8kvIFsh$vOrlqMIk08pikFSSCZpkXFGln/lZsMmUfdyVv5TzhN0=", "last_login": "2021-11-06T18:26:35.853", "is_superuser": false, "username": "makamat588@niekie.com", "first_name": "", "last_name": "", "email": "makamat588@niekie.com", "is_staff": false, "is_active": true, "date_joined": "2021-11-06T18:26:24.073", "nick_name": "", "birthday": null, "gender": "male", "address": "", "mobile": null, "image": "image/default.png", "groups": [], "user_permissions": []}}, {"model": "users.userprofile", "pk": 14, "fields": {"password": "pbkdf2_sha256$100000$jfieKxkTwdHp$ZoYbzLstJCPa6+iVdqFpDvd8cdx7MXMDJWCgNZWg6E8=", "last_login": null, "is_superuser": false, "username": "productivv@yandex.com", "first_name": "", "last_name": "", "email": "productivv@yandex.com", "is_staff": false, "is_active": true, "date_joined": "2021-11-10T00:19:56.581", "nick_name": "", "birthday": null, "gender": "male", "address": "", "mobile": null, "image": "image/default.png", "groups": [], "user_permissions": []}}, {"model": "users.userprofile", "pk": 15, "fields": {"password": "pbkdf2_sha256$100000$McdYRAcVwG79$WIyOdUySEJMxSxfpgBZ998drfJ0P6gxzw05sxekLZho=", "last_login": null, "is_superuser": false, "username": "pacofe7314@d3ff.com", "first_name": "", "last_name": "", "email": "pacofe7314@d3ff.com", "is_staff": false, "is_active": true, "date_joined": "2021-11-10T00:21:28.618", "nick_name": "", "birthday": null, "gender": "male", "address": "", "mobile": null, "image": "image/default.png", "groups": [], "user_permissions": []}}, {"model": "users.userprofile", "pk": 16, "fields": {"password": "pbkdf2_sha256$100000$7qeEhMCEkBsq$jvVygRgP7eGnSrLWDh8B06UHZtNPxlS6Pn8tUELqQ1U=", "last_login": "2021-11-10T14:57:30.818", "is_superuser": false, "username": "gocoj85587@datakop.com", "first_name": "", "last_name": "", "email": "gocoj85587@datakop.com", "is_staff": false, "is_active": true, "date_joined": "2021-11-10T14:46:18.717", "nick_name": "", "birthday": null, "gender": "male", "address": "", "mobile": null, "image": "image/default.png", "groups": [], "user_permissions": []}}, {"model": "users.userprofile", "pk": 17, "fields": {"password": "pbkdf2_sha256$100000$PHKGT4xwb33W$Rk0P2+E+4N4PLQy1yADuv5Pcu/IeWK0OLrhBm/92anM=", "last_login": "2022-01-18T20:14:25.451", "is_superuser": false, "username": "moketi3870@slvlog.com", "first_name": "", "last_name": "", "email": "moketi3870@slvlog.com", "is_staff": false, "is_active": true, "date_joined": "2021-12-07T13:41:12.207", "nick_name": "", "birthday": null, "gender": "male", "address": "", "mobile": null, "image": "image/default.png", "groups": [], "user_permissions": []}}, {"model": "users.userprofile", "pk": 18, "fields": {"password": "pbkdf2_sha256$100000$Nxno8toMjl0l$pe0Q+Kt+1rmT48Oh9mZW4+Jz2yR5tCS8jDaIbTiuNmA=", "last_login": "2021-12-07T14:24:01.029", "is_superuser": false, "username": "parede7753@suggerin.com", "first_name": "", "last_name": "", "email": "parede7753@suggerin.com", "is_staff": false, "is_active": true, "date_joined": "2021-12-07T14:23:46.291", "nick_name": "", "birthday": null, "gender": "male", "address": "", "mobile": null, "image": "image/default.png", "groups": [], "user_permissions": []}}, {"model": "users.userprofile", "pk": 19, "fields": {"password": "pbkdf2_sha256$100000$lXJsvNH1gPn7$l4TAgXNVGozwtgbcLksUPiaQWGfvgYd17mJwvDmVRLg=", "last_login": "2021-12-07T17:16:11.788", "is_superuser": false, "username": "saherey434@tinydef.com", "first_name": "", "last_name": "", "email": "saherey434@tinydef.com", "is_staff": false, "is_active": true, "date_joined": "2021-12-07T17:15:58.766", "nick_name": "", "birthday": null, "gender": "male", "address": "", "mobile": null, "image": "image/default.png", "groups": [], "user_permissions": []}}, {"model": "users.userprofile", "pk": 20, "fields": {"password": "pbkdf2_sha256$100000$rzvWXFjNsyWy$m7w8yo7TboAMGo8hZhs+Tsvw1hQwmW9XdQjkZ6Dm8wE=", "last_login": "2021-12-07T23:29:02.146", "is_superuser": false, "username": "woyara6484@suggerin.com", "first_name": "", "last_name": "", "email": "woyara6484@suggerin.com", "is_staff": false, "is_active": true, "date_joined": "2021-12-07T23:28:48.817", "nick_name": "", "birthday": null, "gender": "male", "address": "", "mobile": null, "image": "image/default.png", "groups": [], "user_permissions": []}}, {"model": "users.userprofile", "pk": 21, "fields": {"password": "pbkdf2_sha256$100000$kz0xoevtJbgi$xQJ17mIrZ4ERcRC54sxYPNsIiVSo/ZadCwaLbr1jgMQ=", "last_login": "2021-12-10T20:17:50.729", "is_superuser": false, "username": "kijadi5078@mediafate.com", "first_name": "", "last_name": "", "email": "kijadi5078@mediafate.com", "is_staff": false, "is_active": true, "date_joined": "2021-12-10T20:17:36.023", "nick_name": "", "birthday": null, "gender": "male", "address": "", "mobile": null, "image": "image/default.png", "groups": [], "user_permissions": []}}, {"model": "users.userprofile", "pk": 22, "fields": {"password": "pbkdf2_sha256$100000$tOlj3Fr6ceeZ$AmHQT/4zSiMl8EpGNfxSf2AvbjG6Ao5udtK0L2/oaIs=", "last_login": "2022-01-17T01:51:01.888", "is_superuser": false, "username": "ficiso9709@oglerau.com", "first_name": "", "last_name": "", "email": "ficiso9709@oglerau.com", "is_staff": false, "is_active": true, "date_joined": "2022-01-17T01:50:41.962", "nick_name": "", "birthday": null, "gender": "male", "address": "", "mobile": null, "image": "image/default.png", "groups": [], "user_permissions": []}}, {"model": "users.userprofile", "pk": 23, "fields": {"password": "pbkdf2_sha256$100000$SBUrOBFl7uLk$Kv8HUqPXgxS4aJ1hs9x5UWrIbvz+2GvJkUjvyV8MIys=", "last_login": null, "is_superuser": false, "username": "jedofa9028@liepaia.com", "first_name": "", "last_name": "", "email": "jedofa9028@liepaia.com", "is_staff": false, "is_active": true, "date_joined": "2022-01-17T03:19:32.923", "nick_name": "", "birthday": null, "gender": "male", "address": "", "mobile": null, "image": "image/default.png", "groups": [], "user_permissions": []}}, {"model": "users.userprofile", "pk": 24, "fields": {"password": "pbkdf2_sha256$100000$jpbQCt9BqcVK$CwrklaC3RKhNp/FW4YH353kawvuz6rwz47gT3F0mhkA=", "last_login": null, "is_superuser": false, "username": "capoto7536@dkb3.com", "first_name": "", "last_name": "", "email": "capoto7536@dkb3.com", "is_staff": false, "is_active": true, "date_joined": "2022-01-17T03:30:01.338", "nick_name": "", "birthday": null, "gender": "male", "address": "", "mobile": null, "image": "image/default.png", "groups": [], "user_permissions": []}}, {"model": "users.userprofile", "pk": 25, "fields": {"password": "pbkdf2_sha256$100000$CUqRwjftzBSS$6h+LI9H3rvXdJIRWdO3LGPMB6ruxF39yLB/ijfXbHOg=", "last_login": null, "is_superuser": false, "username": "refasid372@liepaia.com", "first_name": "", "last_name": "", "email": "refasid372@liepaia.com", "is_staff": false, "is_active": true, "date_joined": "2022-01-17T03:34:57.413", "nick_name": "", "birthday": null, "gender": "male", "address": "", "mobile": null, "image": "image/default.png", "groups": [], "user_permissions": []}}, {"model": "users.userprofile", "pk": 26, "fields": {"password": "pbkdf2_sha256$100000$2Zyq1MyNzG5H$R7nkQ8ZxMZWRBBvREXXxMyinYB4tvN8jMPg7Qm2YKvg=", "last_login": "2022-01-18T03:05:20.708", "is_superuser": false, "username": "golir42472@dkb3.com", "first_name": "", "last_name": "", "email": "golir42472@dkb3.com", "is_staff": false, "is_active": true, "date_joined": "2022-01-18T02:44:53.738", "nick_name": "", "birthday": null, "gender": "male", "address": "", "mobile": null, "image": "image/default.png", "groups": [], "user_permissions": []}}, {"model": "users.userprofile", "pk": 27, "fields": {"password": "pbkdf2_sha256$100000$8jEVuFgxzi9L$zp43bvwAAGQk4uethj6t4z4gAOm41QoPaJ0tfKEpnRc=", "last_login": "2022-01-18T03:07:22.809", "is_superuser": false, "username": "feniwo8348@leezro.com", "first_name": "", "last_name": "", "email": "feniwo8348@leezro.com", "is_staff": false, "is_active": true, "date_joined": "2022-01-18T03:07:09.198", "nick_name": "", "birthday": null, "gender": "male", "address": "", "mobile": null, "image": "image/default.png", "groups": [], "user_permissions": []}}, {"model": "users.userprofile", "pk": 28, "fields": {"password": "pbkdf2_sha256$100000$czwvoXioP1QO$YsAOd83gb7iCIjG20OP03VQxwzZA6ElQDFKSyeAJjJg=", "last_login": "2022-01-18T19:55:49.320", "is_superuser": false, "username": "cimoyi2632@huekieu.com", "first_name": "", "last_name": "", "email": "cimoyi2632@huekieu.com", "is_staff": false, "is_active": true, "date_joined": "2022-01-18T19:31:05.546", "nick_name": "", "birthday": null, "gender": "male", "address": "", "mobile": null, "image": "image/default.png", "groups": [], "user_permissions": []}}, {"model": "users.userprofile", "pk": 29, "fields": {"password": "pbkdf2_sha256$100000$JHgHN0Tdi97U$x8d0KQwfmy+CV5uWEZRRpb/6CkuFuyYgaHJ9CZYTl3E=", "last_login": "2022-01-19T10:36:19.108", "is_superuser": true, "username": "keval", "first_name": "", "last_name": "", "email": "kevalkant9098@gmail.com", "is_staff": true, "is_active": true, "date_joined": "2022-01-19T10:35:49.143", "nick_name": "", "birthday": null, "gender": "male", "address": "", "mobile": null, "image": "image/default.png", "groups": [], "user_permissions": []}}, {"model": "courses.transaction", "pk": 1, "fields": {"made_by": 18, "made_on": "2021-12-07T16:58:16.758", "amount": 500, "order_id": "PAY2ME20211207ODR1", "checksum": "uVqMg7zJswOcfQv28yvMy3kXFXJpNK4SBn6uL09i1JB8Mx+i12lu6H7TZ3WZ+Cj0yuOWWhKdvzag2zdqELdwVyg+CuPJ4Ma9RwdUqgdInEY="}}, {"model": "courses.transaction", "pk": 2, "fields": {"made_by": 18, "made_on": "2021-12-07T17:03:56.806", "amount": 500, "order_id": "PAY2ME20211207ODR2", "checksum": "tHOJATQ8/8VVggzjG4woEePc0teor5jsv3p2yeMFDCZrUG9kKpjqWU3qWgw6BuUKzTyj4fenUnCJwV8R5IDRHoLbc3i2fNAq0Un3xHMTAI4="}}, {"model": "courses.transaction", "pk": 3, "fields": {"made_by": 18, "made_on": "2021-12-07T17:14:48.483", "amount": 500, "order_id": "PAY2ME20211207ODR3", "checksum": null}}, {"model": "courses.transaction", "pk": 4, "fields": {"made_by": 19, "made_on": "2021-12-07T17:16:18.838", "amount": 500, "order_id": "PAY2ME20211207ODR4", "checksum": null}}, {"model": "courses.transaction", "pk": 5, "fields": {"made_by": 19, "made_on": "2021-12-07T17:19:08.516", "amount": 500, "order_id": "PAY2ME20211207ODR5", "checksum": null}}, {"model": "courses.transaction", "pk": 6, "fields": {"made_by": 19, "made_on": "2021-12-07T17:20:20.712", "amount": 500, "order_id": "PAY2ME20211207ODR6", "checksum": "fQJ43ZyWTM6SGDe6QrLHYc9g0O56s7FuAzUsZbgxByPRgasFSx5wDjbkFYI8RluICkIt3zbPLd38oPHBQWDa/FbmvZ2oFGwGyFA+oQeHASY="}}, {"model": "courses.transaction", "pk": 7, "fields": {"made_by": 19, "made_on": "2021-12-07T17:20:30.956", "amount": 500, "order_id": "PAY2ME20211207ODR7", "checksum": "LuwjSIc0mMPvWAawHLnDEmi0rYvrhtpUihNyyt7PLdfjC2vRH7LPfHupFekYYHev53givdV8kyvHzyvWKGlAj/Y50fL3LLNyb8YF1ZF1oVI="}}, {"model": "courses.transaction", "pk": 8, "fields": {"made_by": 19, "made_on": "2021-12-07T17:23:00.142", "amount": 500, "order_id": "PAY2ME20211207ODR8", "checksum": "rX7UnPx1oUnvaPkBKfwAlkGt4DnG8DhyepomVzxZCCOQEEbhyHqSeqx9S/mRBEKlDtCW1PRMRWDVuLR7lOMtQOw4aez/mE3ldZZPQHji4Io="}}, {"model": "courses.transaction", "pk": 9, "fields": {"made_by": 19, "made_on": "2021-12-07T17:23:47.742", "amount": 500, "order_id": "PAY2ME20211207ODR9", "checksum": "hR3KnCvS/EHswpwPWNKCqCXeOzscnNsaBRI4bTBNhyLtUqaqmKamj/A6pXiIXXGmNz3eKM4aAFbxpbnLygA5u3p+tp/Rohx5Byi/11P4d8E="}}, {"model": "courses.transaction", "pk": 10, "fields": {"made_by": 19, "made_on": "2021-12-07T17:26:15.274", "amount": 500, "order_id": "PAY2ME20211207ODR10", "checksum": "aWmWkhP2Kf1okp1L1/k9zqbsrbodGD014mlJVC4IK0xxqdn+Mrl1uVCcZdX/RxUo0794dUjitioZ57F5PDS0pveI9x83TJKSk4dY8Wk6o9I="}}, {"model": "courses.transaction", "pk": 11, "fields": {"made_by": 19, "made_on": "2021-12-07T17:26:18.674", "amount": 500, "order_id": "PAY2ME20211207ODR11", "checksum": "SMsAEv+bfC+KD0kTLLlZf6YASYQ9CfYvayMK/vYR1O3pIi/xUjX/s801K9dv5YIVcT94XrBY3eUf3YJWcPZzYytIsbhZoP+ZBYlZoDKyjeU="}}, {"model": "courses.transaction", "pk": 12, "fields": {"made_by": 19, "made_on": "2021-12-07T17:26:25.172", "amount": 500, "order_id": "PAY2ME20211207ODR12", "checksum": "MXgw5Vwd2n9YDLfNz7dU5bmGtLWLydjI7p7PWOaXK4U8zdaqB/Kk/KiZuTq169JWttG58CkHpMKU7LXnbvDhDsPixl4GRwVy3fBiI2L5V+A="}}, {"model": "courses.transaction", "pk": 13, "fields": {"made_by": 19, "made_on": "2021-12-07T17:27:32.173", "amount": 500, "order_id": "PAY2ME20211207ODR13", "checksum": "tV0+ifRbFQTtzoYc+TpXJXDuFveLgCT3qMOYV+3oUh3WVL1+4vFm57wuZwq+OaE2PCofHGQ/EdeUDtNMjR7UW5qKKe3hSBWXOkNAb9tKD/k="}}, {"model": "courses.transaction", "pk": 14, "fields": {"made_by": 19, "made_on": "2021-12-07T17:29:15.310", "amount": 500, "order_id": "PAY2ME20211207ODR14", "checksum": "0zls7T26baS7stKzUvuqNhOFhX6+ao8Pqki66+3teUszUKsM3W18xmtjfiWFLqjNyXfZzcYr5rkHRDm3b6XXT2zOrUjIfKxwP1x4EqVa9cg="}}, {"model": "courses.transaction", "pk": 15, "fields": {"made_by": 19, "made_on": "2021-12-07T17:30:27.237", "amount": 500, "order_id": "PAY2ME20211207ODR15", "checksum": "QIxGCQuBtwoAgSZSvD36+pvZKTGzEZ+7ugzY6C8qDYS8QZ4qqQ/JO6cxfc7M9wxQuJeKOVzLBTmmDxrjXSJOQUJIF1tJ1H8GHxaQJJnu3WY="}}, {"model": "courses.transaction", "pk": 16, "fields": {"made_by": 19, "made_on": "2021-12-07T17:30:45.039", "amount": 500, "order_id": "PAY2ME20211207ODR16", "checksum": "m0W8zC+T9s8f1gSv+FjV69KBmI0vaTWkEmmbea5T2Wq4SwpfzpgCNrMHLyvUfhXyM0MW6goKvRM//mhf8rEi4zj3XI7DV3naIbcFgVMdwWw="}}, {"model": "courses.transaction", "pk": 17, "fields": {"made_by": 19, "made_on": "2021-12-07T17:41:31.113", "amount": 500, "order_id": "PAY2ME20211207ODR17", "checksum": "9jqB88TKrluJQ5sJjK85uZnatX3IQnjoE1+4nUFL9uUMI9LWdardYKlHTcAU0C8dBgjqKRObQRV77TvS+dUoi5Vs2qPDU/cbCYanF2WKVcg="}}, {"model": "courses.transaction", "pk": 18, "fields": {"made_by": 19, "made_on": "2021-12-07T17:45:55.541", "amount": 500, "order_id": "PAY2ME20211207ODR18", "checksum": "dYMOBiR+7fKzYaouCJKAy2ZNhhMssST5e4c0WqYnrCcR+aA3zDwgSnwkoPSrYjTr1nVyUzUwafhJUsAL/d2nUwJibJ+H2mkDcQ3mTYMym1M="}}, {"model": "courses.transaction", "pk": 19, "fields": {"made_by": 19, "made_on": "2021-12-07T23:16:39.907", "amount": 0, "order_id": "PAY2ME20211207ODR19", "checksum": "txVlxsKtWPUOLrH5v7PddVp3uCrgTJ1mEmMSbjwKIj04wRugBMcrd9qDnkD5pZ+1oYIFsZOqDpBRq/bk6i/gvXSwB1vTFK6FI0RF/2YTSNQ="}}, {"model": "courses.transaction", "pk": 20, "fields": {"made_by": 8, "made_on": "2021-12-07T23:19:22.386", "amount": 100, "order_id": "PAY2ME20211207ODR20", "checksum": "MxWISf8ZtI0QxDCnlw5QiX6ZV/Vbl7AqmRUNKMFM7jP0fS98s/5dT9bUAQmE0OxHp7oyfQqfblWzA4/wQck/eSGIEX+dwnCfsKyqNEoxijk="}}, {"model": "courses.transaction", "pk": 21, "fields": {"made_by": 8, "made_on": "2021-12-07T23:25:29.228", "amount": 100, "order_id": "PAY2ME20211207ODR21", "checksum": "vKL2RxjZMIWD4xdrttaOz+GlHnOmikePSv4zcJa4QYcn3pWjuq3Uoeisepmg6iYGGKRxctcCyvcTyHMGCcVlZxud+fV8eMiWW3b70q5y4S8="}}, {"model": "courses.transaction", "pk": 22, "fields": {"made_by": 20, "made_on": "2021-12-07T23:29:09.788", "amount": 100, "order_id": "PAY2ME20211207ODR22", "checksum": "AkDAyXas+had8KfdV2vNvChyQFxvPu6ZSlIKdnfBkGCoRDHo/rYtDs1D/xBuxqR6otc98Jr01JPHrKhKUxg430hIzV5LEIkOckCrPvWla+g="}}, {"model": "courses.transaction", "pk": 23, "fields": {"made_by": 20, "made_on": "2021-12-07T23:31:44.777", "amount": 100, "order_id": "PAY2ME20211207ODR23", "checksum": "4rleY+pyqP53iRZZiSyzcsHT0LAEKGl4u8rfuwG2R2TIbsh4i/baoE/3ThptXgxb8K0zWEPYy5a4hDCAxkIlUujqU0R61TlTnPwnDhUvJJY="}}, {"model": "courses.transaction", "pk": 24, "fields": {"made_by": 20, "made_on": "2021-12-07T23:40:48.177", "amount": 500, "order_id": "PAY2ME20211207ODR24", "checksum": "R4yiPgCgMN2QPtReYkOamNq0J4F88j5OIdfeYWEmVQYfaorjHAzqCgzzxcgNXzxSsm0vwzK52PPgj2L2diccvNFyZomGRmxVZi5imqubzXg="}}, {"model": "courses.transaction", "pk": 25, "fields": {"made_by": 20, "made_on": "2021-12-07T23:42:21.795", "amount": 500, "order_id": "PAY2ME20211207ODR25", "checksum": "w0VW0f2oGhoDNNfMHWpC5mQ3GV/fCFSo0U8dmvgfLjjbGWMwnt4QDPm8XrnLRCYq6HgU49DrHt3mYN/hYhGyA0eg2ZLD5eGZFoCVxf3W+bk="}}, {"model": "courses.transaction", "pk": 26, "fields": {"made_by": 20, "made_on": "2021-12-07T23:44:12.731", "amount": 100, "order_id": "PAY2ME20211207ODR26", "checksum": "hKdWUYaArS8nkFPUdEJliZ+2gbVJi+4z9UY4KeM5FXXbpXij9h/2p5M3lEqHxkjcifrweEy7mQfKty0Pxe1E28NtyRtuWCP+nf4Px8l6G4I="}}, {"model": "courses.transaction", "pk": 27, "fields": {"made_by": 20, "made_on": "2021-12-07T23:55:04.563", "amount": 100, "order_id": "PAY2ME20211207ODR27", "checksum": "EuL7W6TtETVJOHu7YOLUAq7pRqjdJJamXuhlghF2rnW+0zigyWVAFEY/c5Pz5TsBOCBpfbLI5VlcY1C1qyoVSo2ODJixt52O1T+1suTDTvM="}}, {"model": "courses.transaction", "pk": 28, "fields": {"made_by": 20, "made_on": "2021-12-07T23:56:55.852", "amount": 100, "order_id": "PAY2ME20211207ODR28", "checksum": "oyvlENhldwBFwF2mgKKr1C4NXsHKEyPZAqbm5XNNsY3E9RnMkMSsSXaP5Zh5GkEUUySgqCfUigMSij6WEirlVVWP97cNTv1X6/d3nNdtA7g="}}, {"model": "courses.transaction", "pk": 29, "fields": {"made_by": 20, "made_on": "2021-12-08T00:00:20.342", "amount": 100, "order_id": "PAY2ME20211208ODR29", "checksum": "25zaaaihNN9XyeoS4cJbjXO9O7X4izlHwTLnWrTSvx442Mx/YlkO9Z1iUDuej7/k3I5ESh6aLFMnE95HFRVTsQ8IXI2+90snUe/+zid9B3M="}}, {"model": "courses.transaction", "pk": 30, "fields": {"made_by": 21, "made_on": "2021-12-10T20:18:03.085", "amount": 500, "order_id": "PAY2ME20211210ODR30", "checksum": "nqBGbeHDX0MNujBFa2ninrXIq33pHq4oPL9sFgH2+1PqTj/tNEO8udaPtxCBL/gvAiAu6Ri8MfpQHp8J4D2/IvEef/GM3ppSFwIFcthLE5M="}}, {"model": "courses.transaction", "pk": 31, "fields": {"made_by": 21, "made_on": "2021-12-10T20:19:45.561", "amount": 500, "order_id": "PAY2ME20211210ODR31", "checksum": "uUncNv6VoykgLyvskwdrpgOM2AndCSbhR8+tnemksSEh80MSakvrDI1PcQ1E/o4RugIhDs3M1YjOOcTWWdu3BsF7OPTgTjUf0MdLFEppOPE="}}, {"model": "courses.transaction", "pk": 32, "fields": {"made_by": 22, "made_on": "2022-01-17T01:51:47.470", "amount": 500, "order_id": "PAY2ME20220117ODR32", "checksum": "8zKCPajr6CdZnplJNIyfCLqrH0jbmqZaHrtqjdLs7g0/QxWw+09YxfpMaIa0dXc8cQEScfAgsvl245uoXk6M0fVJ8UHMaGE4z9vKwFJ0KTk="}}, {"model": "courses.transaction", "pk": 33, "fields": {"made_by": 22, "made_on": "2022-01-17T01:53:05.027", "amount": 500, "order_id": "PAY2ME20220117ODR33", "checksum": "C9kPkqj4+EpPAQWls32JKowAsB/RBgc7YG0V6uJqjxfcjQoMkNfhp68fnWKwH0p2sYh59a2CkGK+OG06qrE7lOrnwyLKMi6nXInxbAFfTeA="}}, {"model": "courses.transaction", "pk": 34, "fields": {"made_by": 22, "made_on": "2022-01-17T01:53:41.010", "amount": 500, "order_id": "PAY2ME20220117ODR34", "checksum": "xPh7HWFteKU9cp2iAMkC8YJ1cp6qutg6bNw8g4MgBjtof1jmlKdgIkzbtG4SvSg7Qzm3myZPATWszJm/MMMOTRwtCpEkF0t9n0AKOMjoNoQ="}}, {"model": "courses.transaction", "pk": 35, "fields": {"made_by": 22, "made_on": "2022-01-17T01:56:46.799", "amount": 100, "order_id": "PAY2ME20220117ODR35", "checksum": "6ayEyfmrnHd1aXXiYSVbjzAP5H4a3A+IvdnPdIF9nic2c8rpomPfsWjVdIqowmLsosqXRup47J/h+JoMgHk2e7yVahw1zkA7sd6QQD1LMB0="}}, {"model": "courses.transaction", "pk": 36, "fields": {"made_by": 22, "made_on": "2022-01-17T01:59:43.657", "amount": 500, "order_id": "PAY2ME20220117ODR36", "checksum": "5QBgrk7/Ka/ajPiW7g85mKns9vj8de4Tghp/ZqhSxE0PfyaIXrPkmsPt0zgX/dzH6GHiVRhzECWQh/8nwXtFiiCHAICVjm946AO4fHYqE6E="}}, {"model": "courses.transaction", "pk": 37, "fields": {"made_by": 22, "made_on": "2022-01-17T02:00:33.772", "amount": 500, "order_id": "PAY2ME20220117ODR37", "checksum": "2JRdPjeK0DMltzytecqiH4E5kUKd1mHM5rRWuYUI36cGivHGn9TBZZXepPeALDaQ8bM84s9X3X2w7unNxCs67o8aJCxVgszh5hx5CWoDVqA="}}, {"model": "courses.transaction", "pk": 38, "fields": {"made_by": 22, "made_on": "2022-01-17T02:00:38.545", "amount": 100, "order_id": "PAY2ME20220117ODR38", "checksum": "/QYYAUb266baP1ygyUMQSGL/0MFsYjtUEc/X/5hECSCJPHp7PWIZbuMriDwyWCjRJ6M+1uJrTjlhd8LmlZkx+ha8pgwzq1J5Esyd9OGqHJw="}}, {"model": "courses.transaction", "pk": 39, "fields": {"made_by": 22, "made_on": "2022-01-17T02:07:58.151", "amount": 500, "order_id": "PAY2ME20220117ODR39", "checksum": "dILcz4PhxApIIDSv4Z/MBxkQCCb/LbRauLaCqYcqt87F7b3HYB6XeAPgAv5SoJXW6v6Nuk4temYUryxzVe/IiiMYgfnUFE1p8RDCds3C9aM="}}, {"model": "courses.transaction", "pk": 40, "fields": {"made_by": 17, "made_on": "2022-01-17T17:09:02.638", "amount": 1, "order_id": "PAY2ME20220117ODR40", "checksum": "g2pJEhDCffGzxbmu4yxmnujger5NnbUiZt9pafHF9hvQqSsZrak3bxUKmPSZqzaIjjG/AVrzTWQo26A3vCAGkXG3w2iHlCMo1qTtuMwD+zo="}}, {"model": "courses.transaction", "pk": 41, "fields": {"made_by": 17, "made_on": "2022-01-17T18:01:06.477", "amount": 500, "order_id": "PAY2ME20220117ODR41", "checksum": "3oUN2vkraFU3b9uOvCwpeOKnalkVZHy58rq4OB/aS3mgrAs8MNjZRu8cW/LOPUhOg8/179h4azDqlvmVz/nb33dl2KkQXphqCMaqDGX+0kE="}}, {"model": "courses.transaction", "pk": 42, "fields": {"made_by": 17, "made_on": "2022-01-17T18:01:14.567", "amount": 500, "order_id": "PAY2ME20220117ODR42", "checksum": "i5SJTQUZPqCAct1ZA+KCsW/+XtBnmy5MjyD30dbN3IjWk37dh24j+hTB5ZjoQ0sX9tXTDWytyCK5nRWoJxCMjUhZ6wU/y7ynEFqIXGJdF5s="}}, {"model": "courses.transaction", "pk": 43, "fields": {"made_by": 17, "made_on": "2022-01-18T02:41:39.140", "amount": 500, "order_id": "PAY2ME20220118ODR43", "checksum": "pEXkx/AFsv8RpbshYdEp6mboA0fBWOZpaOIn/QzbB+W1NheWXLlMm8dPFcR1nRFrcwO5Go0J0OC3goutIjXMugVrs/evGiWTMGI1CqqsDPs="}}, {"model": "courses.transaction", "pk": 44, "fields": {"made_by": 26, "made_on": "2022-01-18T02:45:34.971", "amount": 500, "order_id": "PAY2ME20220118ODR44", "checksum": "dC/Hxoa9lFRGI2uU+NcFvWroM0ca+X453C4kiTsSjLfz4ghW1qKeRiX1CCnkTEePt7VT5VlJP3hJcU1puuYxzPZK6/FAAV+4N17XqbPd12k="}}, {"model": "courses.transaction", "pk": 45, "fields": {"made_by": 26, "made_on": "2022-01-18T02:47:49.979", "amount": 1, "order_id": "PAY2ME20220118ODR45", "checksum": "8DtYVKq1RLTb3mJcVDMZpF24+y6ARjgCbb69NNNPNK9wbyf59sbFSEnRtd2cTcYIv/yMldXtUYmCrse0wGRKBS/Vf4x/KT8z+wgjK92IdYA="}}, {"model": "courses.transaction", "pk": 46, "fields": {"made_by": 26, "made_on": "2022-01-18T02:50:49.051", "amount": 100, "order_id": "PAY2ME20220118ODR46", "checksum": "TxJYX4rFr5K0ly64zuLnaKCUuoAtpkruBsAU5VZezuQtSlt0MKTYeQ1bLpCWeVHiTrroBercTpn12QXB1AQbF0sWpBnVoVg0zS64+hC5utw="}}, {"model": "courses.transaction", "pk": 47, "fields": {"made_by": 26, "made_on": "2022-01-18T03:05:38.417", "amount": 100, "order_id": "PAY2ME20220118ODR47", "checksum": "WPQ31huFbqCbahTOzUIrZm+Q3uExJidsKbBqIHLz9j0soNom7kKJqKRaV/xtIPFGP81wsIFYghDdgCnO25qXRpVN0sWRK54LFlfy4c/5Kgw="}}, {"model": "courses.transaction", "pk": 48, "fields": {"made_by": 27, "made_on": "2022-01-18T03:07:30.857", "amount": 500, "order_id": "PAY2ME20220118ODR48", "checksum": "vXpCyDe60x2r1BPHPsJ+cbMXF76u/KHjyzTeDUzyswR+T25wLrM3Ip6eA51f9T05Pq8lPADWrnPYaypuJ8nevYXujb9rexHE9urkEdI/tTo="}}, {"model": "courses.transaction", "pk": 49, "fields": {"made_by": 7, "made_on": "2022-01-18T18:21:11.869", "amount": 1, "order_id": "PAY2ME20220118ODR49", "checksum": "BJUQaKCmZDACdgOQPSZCL4oYa9+18U2lbRaKjzLJ/s6jBXqw3EvH7hVPt9CxZ5VFxU5hhcl4ZaUYeOXujq4doSxFGgehat3AuCRe/PQCxX0="}}, {"model": "courses.transaction", "pk": 50, "fields": {"made_by": 7, "made_on": "2022-01-18T18:23:36.431", "amount": 500, "order_id": "PAY2ME20220118ODR50", "checksum": "Ig5lBL2wTK7DUTHDx5PfUF1K/D0PK4Vbvh+8zom8ZKzquBw6tWX7rTLKdiUwGnw6vhUyB6ZXZCc88BL8FgAvJMrvD/7zDsmBC7E6s0b2H98="}}, {"model": "courses.transaction", "pk": 51, "fields": {"made_by": 28, "made_on": "2022-01-18T19:56:19.016", "amount": 500, "order_id": "PAY2ME20220118ODR51", "checksum": "XZN/IYOj4j8YPBr0JH6XqO5OvlE8dPy8MtDBJxmPUnWMsW/vySDQMhyUsQ/6LQbvtqeQsTq0UTRHQzcWyIqbgazw64Hej1ABmhUYYAVOWtA="}}, {"model": "courses.transaction", "pk": 52, "fields": {"made_by": 17, "made_on": "2022-01-18T20:14:39.165", "amount": 100, "order_id": "PAY2ME20220118ODR52", "checksum": "LQW9Ty7129hWjKcm1+rHpJuZwd+sAGS0vvz8k1ml++Psd3ZDryOrZQ0EDGFPQZna92LKGVoGryZ4CnScX8WXud8NNPX8NEmE7ECQWd+E13Y="}}, {"model": "operation.usercourse", "pk": 1, "fields": {"course": 1, "user": 2, "add_time": "2019-12-13T12:01:51.519", "certified": false}}, {"model": "operation.usercourse", "pk": 2, "fields": {"course": 2, "user": 2, "add_time": "2019-12-13T17:27:40.999", "certified": false}}, {"model": "operation.usercourse", "pk": 3, "fields": {"course": 3, "user": 2, "add_time": "2020-07-23T21:27:58.764", "certified": false}}, {"model": "operation.usercourse", "pk": 4, "fields": {"course": 4, "user": 2, "add_time": "2020-07-23T21:28:43.418", "certified": false}}, {"model": "operation.usercourse", "pk": 5, "fields": {"course": 1, "user": 4, "add_time": "2020-07-23T21:58:02.177", "certified": true}}, {"model": "operation.usercourse", "pk": 6, "fields": {"course": 4, "user": 5, "add_time": "2020-07-23T22:16:44.701", "certified": false}}, {"model": "operation.usercourse", "pk": 7, "fields": {"course": 1, "user": 5, "add_time": "2020-07-23T22:18:52.251", "certified": false}}, {"model": "operation.usercourse", "pk": 8, "fields": {"course": 3, "user": 4, "add_time": "2020-07-25T09:18:10.046", "certified": true}}, {"model": "operation.usercourse", "pk": 9, "fields": {"course": 4, "user": 4, "add_time": "2020-07-25T09:18:33.206", "certified": true}}, {"model": "operation.usercourse", "pk": 10, "fields": {"course": 2, "user": 4, "add_time": "2020-07-25T09:18:47.776", "certified": true}}, {"model": "operation.usercourse", "pk": 11, "fields": {"course": 1, "user": 8, "add_time": "2020-12-29T18:14:16.958", "certified": false}}, {"model": "operation.usercourse", "pk": 12, "fields": {"course": 3, "user": 7, "add_time": "2020-12-31T19:41:08.880", "certified": true}}, {"model": "operation.usercourse", "pk": 13, "fields": {"course": 5, "user": 4, "add_time": "2021-01-01T20:32:24.138", "certified": true}}, {"model": "operation.usercourse", "pk": 14, "fields": {"course": 5, "user": 9, "add_time": "2021-11-03T02:20:09.953", "certified": false}}, {"model": "operation.usercourse", "pk": 15, "fields": {"course": 3, "user": 10, "add_time": "2021-11-06T02:08:34.392", "certified": false}}, {"model": "operation.usercourse", "pk": 16, "fields": {"course": 5, "user": 8, "add_time": "2021-12-07T14:07:00.341", "certified": false}}, {"model": "operation.usercourse", "pk": 17, "fields": {"course": 3, "user": 8, "add_time": "2021-12-07T14:15:58.715", "certified": true}}, {"model": "operation.usercourse", "pk": 18, "fields": {"course": 5, "user": 19, "add_time": "2021-12-07T17:42:05.422", "certified": false}}, {"model": "operation.usercourse", "pk": 19, "fields": {"course": 4, "user": 8, "add_time": "2021-12-07T23:19:47.280", "certified": false}}, {"model": "operation.usercourse", "pk": 20, "fields": {"course": 2, "user": 8, "add_time": "2021-12-07T23:25:37.708", "certified": false}}, {"model": "operation.usercourse", "pk": 21, "fields": {"course": 3, "user": 20, "add_time": "2021-12-07T23:29:19.271", "certified": false}}, {"model": "operation.usercourse", "pk": 22, "fields": {"course": 4, "user": 20, "add_time": "2021-12-07T23:33:36.730", "certified": false}}, {"model": "operation.usercourse", "pk": 23, "fields": {"course": 5, "user": 20, "add_time": "2021-12-07T23:42:29.475", "certified": false}}, {"model": "operation.usercourse", "pk": 24, "fields": {"course": 2, "user": 20, "add_time": "2021-12-07T23:44:24.774", "certified": false}}, {"model": "operation.usercourse", "pk": 25, "fields": {"course": 1, "user": 20, "add_time": "2021-12-08T00:00:49.996", "certified": false}}, {"model": "operation.usercourse", "pk": 26, "fields": {"course": 5, "user": 21, "add_time": "2021-12-10T20:19:37.138", "certified": true}}, {"model": "operation.usercourse", "pk": 27, "fields": {"course": 4, "user": 17, "add_time": "2022-01-17T17:12:49.596", "certified": false}}, {"model": "operation.usercourse", "pk": 28, "fields": {"course": 5, "user": 17, "add_time": "2022-01-18T02:43:48.547", "certified": false}}, {"model": "operation.usercourse", "pk": 29, "fields": {"course": 5, "user": 26, "add_time": "2022-01-18T02:45:44.702", "certified": false}}, {"model": "operation.usercourse", "pk": 30, "fields": {"course": 4, "user": 26, "add_time": "2022-01-18T02:48:01.513", "certified": false}}, {"model": "operation.usercourse", "pk": 31, "fields": {"course": 3, "user": 26, "add_time": "2022-01-18T02:51:48.339", "certified": false}}, {"model": "operation.usercourse", "pk": 32, "fields": {"course": 2, "user": 26, "add_time": "2022-01-18T03:05:52.628", "certified": false}}, {"model": "operation.usercourse", "pk": 33, "fields": {"course": 5, "user": 27, "add_time": "2022-01-18T03:08:37.032", "certified": false}}, {"model": "operation.usercourse", "pk": 34, "fields": {"course": 4, "user": 7, "add_time": "2022-01-18T18:22:20.902", "certified": true}}, {"model": "operation.usercourse", "pk": 35, "fields": {"course": 5, "user": 7, "add_time": "2022-01-18T18:23:46.934", "certified": true}}, {"model": "operation.usercourse", "pk": 36, "fields": {"course": 5, "user": 28, "add_time": "2022-01-18T19:56:47.129", "certified": false}}, {"model": "operation.usercourse", "pk": 37, "fields": {"course": 3, "user": 17, "add_time": "2022-01-18T20:15:33.351", "certified": false}}, {"model": "xadmin.usersettings", "pk": 2, "fields": {"user": 2, "key": "dashboard:home:pos", "value": ""}}, {"model": "xadmin.usersettings", "pk": 3, "fields": {"user": 2, "key": "site-theme", "value": "/static/xadmin/css/themes/bootstrap-xadmin.css"}}, {"model": "xadmin.usersettings", "pk": 4, "fields": {"user": 4, "key": "dashboard:home:pos", "value": "2"}}, {"model": "xadmin.usersettings", "pk": 5, "fields": {"user": 4, "key": "site-theme", "value": "https://bootswatch.com/3/paper/bootstrap.min.css"}}, {"model": "xadmin.usersettings", "pk": 6, "fields": {"user": 29, "key": "dashboard:home:pos", "value": ""}}, {"model": "xadmin.userwidget", "pk": 2, "fields": {"user": 4, "page_id": "home", "widget_type": "chart", "value": "{\"title\": \"wtv\", \"model\": \"operation.usercourse\"}"}}, {"model": "xadmin.log", "pk": 1, "fields": {"action_time": "2019-12-12T19:55:49.375", "user": 2, "ip_addr": "127.0.0.1", "content_type": 13, "object_id": "1", "object_repr": "Cambridge", "action_flag": "create", "message": "Added."}}, {"model": "xadmin.log", "pk": 2, "fields": {"action_time": "2019-12-12T20:06:52.002", "user": 2, "ip_addr": "127.0.0.1", "content_type": 14, "object_id": "1", "object_repr": "HarvardX", "action_flag": "create", "message": "Added."}}, {"model": "xadmin.log", "pk": 3, "fields": {"action_time": "2019-12-12T20:12:53.726", "user": 2, "ip_addr": "127.0.0.1", "content_type": 15, "object_id": "1", "object_repr": "David J. Malan", "action_flag": "create", "message": "Added."}}, {"model": "xadmin.log", "pk": 4, "fields": {"action_time": "2019-12-12T20:19:13.905", "user": 2, "ip_addr": "127.0.0.1", "content_type": 4, "object_id": "1", "object_repr": "CS50's Introduction to Computer Science", "action_flag": "create", "message": "Added."}}, {"model": "xadmin.log", "pk": 5, "fields": {"action_time": "2019-12-12T20:33:53.374", "user": 2, "ip_addr": "127.0.0.1", "content_type": 6, "object_id": "1", "object_repr": "CS50's Introduction to Computer Science >> Chapter 0       Binary. ASCII. Algorithms. Pseudocode. Scratch.", "action_flag": "create", "message": "Added."}}, {"model": "xadmin.log", "pk": 6, "fields": {"action_time": "2019-12-12T20:34:26.243", "user": 2, "ip_addr": "127.0.0.1", "content_type": 6, "object_id": "2", "object_repr": "CS50's Introduction to Computer Science >> Chapter 1 Syntax. Variables. Data Types. Operators. Boolean Expressions and Conditionals. Loops.", "action_flag": "create", "message": "Added."}}, {"model": "xadmin.log", "pk": 7, "fields": {"action_time": "2019-12-12T20:34:47.364", "user": 2, "ip_addr": "127.0.0.1", "content_type": 6, "object_id": "3", "object_repr": "CS50's Introduction to Computer Science >> Chapter 2 Compiling. Debugging. Arrays and Strings. Command-Line Interaction. Exit Codes. Searching.", "action_flag": "create", "message": "Added."}}, {"model": "xadmin.log", "pk": 8, "fields": {"action_time": "2019-12-12T20:35:06.835", "user": 2, "ip_addr": "127.0.0.1", "content_type": 6, "object_id": "4", "object_repr": "CS50's Introduction to Computer Science >> Chapter 3 Functions. Tools for Debugging. More on Strings. Memory. Pointers. Structs.", "action_flag": "create", "message": "Added."}}, {"model": "xadmin.log", "pk": 9, "fields": {"action_time": "2019-12-12T20:35:23.972", "user": 2, "ip_addr": "127.0.0.1", "content_type": 6, "object_id": "5", "object_repr": "CS50's Introduction to Computer Science >> Chapter 4 Valgrind. More on Structs. Linked Lists. Hash Tables. Trees. Tries.", "action_flag": "create", "message": "Added."}}, {"model": "xadmin.log", "pk": 10, "fields": {"action_time": "2019-12-12T20:35:44.614", "user": 2, "ip_addr": "127.0.0.1", "content_type": 6, "object_id": "6", "object_repr": "CS50's Introduction to Computer Science >> Chapter 5 Internet Basics. HTTP. HTML. Forms. CSS. JavaScript.", "action_flag": "create", "message": "Added."}}, {"model": "xadmin.log", "pk": 11, "fields": {"action_time": "2019-12-12T20:36:01.486", "user": 2, "ip_addr": "127.0.0.1", "content_type": 6, "object_id": "7", "object_repr": "CS50's Introduction to Computer Science >> Chapter 6 Python. Conditionals. Booleans. Loops. Data Types. Functions.", "action_flag": "create", "message": "Added."}}, {"model": "xadmin.log", "pk": 12, "fields": {"action_time": "2019-12-12T20:36:19.787", "user": 2, "ip_addr": "127.0.0.1", "content_type": 6, "object_id": "8", "object_repr": "CS50's Introduction to Computer Science >> Chapter 7 Flask. MVC. Autocomplete. Events. Ajax. JSON.", "action_flag": "create", "message": "Added."}}, {"model": "xadmin.log", "pk": 13, "fields": {"action_time": "2019-12-12T20:36:46.385", "user": 2, "ip_addr": "127.0.0.1", "content_type": 6, "object_id": "9", "object_repr": "CS50's Introduction to Computer Science >> Chapter 8 Cookies. Sessions. Databases. SQL. Race Conditions.", "action_flag": "create", "message": "Added."}}, {"model": "xadmin.log", "pk": 14, "fields": {"action_time": "2019-12-12T20:38:13.087", "user": 2, "ip_addr": "127.0.0.1", "content_type": 7, "object_id": "1", "object_repr": "Binary. ASCII. Algorithms. Pseudocode. Scratch.", "action_flag": "create", "message": "Added."}}, {"model": "xadmin.log", "pk": 15, "fields": {"action_time": "2019-12-12T20:41:04.224", "user": 2, "ip_addr": "127.0.0.1", "content_type": 7, "object_id": "2", "object_repr": "Syntax. Variables. Data Types. Operators. Boolean Expressions and Conditionals. Loops.", "action_flag": "create", "message": "Added."}}, {"model": "xadmin.log", "pk": 16, "fields": {"action_time": "2019-12-13T13:34:00.715", "user": 2, "ip_addr": "127.0.0.1", "content_type": 2, "object_id": "1", "object_repr": "Banner object (1)", "action_flag": "create", "message": "Added."}}, {"model": "xadmin.log", "pk": 17, "fields": {"action_time": "2019-12-13T13:36:01.453", "user": 2, "ip_addr": "127.0.0.1", "content_type": 2, "object_id": "2", "object_repr": "Banner object (2)", "action_flag": "create", "message": "Added."}}, {"model": "xadmin.log", "pk": 18, "fields": {"action_time": "2019-12-13T13:36:49.618", "user": 2, "ip_addr": "127.0.0.1", "content_type": 2, "object_id": "3", "object_repr": "Banner object (3)", "action_flag": "create", "message": "Added."}}, {"model": "xadmin.log", "pk": 19, "fields": {"action_time": "2019-12-13T13:53:20.841", "user": 2, "ip_addr": "127.0.0.1", "content_type": 2, "object_id": "4", "object_repr": "Banner object (4)", "action_flag": "create", "message": "Added."}}, {"model": "xadmin.log", "pk": 20, "fields": {"action_time": "2019-12-13T14:48:17.106", "user": 2, "ip_addr": "127.0.0.1", "content_type": 7, "object_id": "2", "object_repr": "Syntax. Variables. Data Types. Operators. Boolean Expressions and Conditionals. Loops.", "action_flag": "change", "message": "Changed url."}}, {"model": "xadmin.log", "pk": 21, "fields": {"action_time": "2019-12-13T15:20:35.661", "user": 2, "ip_addr": "127.0.0.1", "content_type": 2, "object_id": "1", "object_repr": "Banner object (1)", "action_flag": "delete", "message": ""}}, {"model": "xadmin.log", "pk": 22, "fields": {"action_time": "2019-12-13T15:34:26.529", "user": 2, "ip_addr": "127.0.0.1", "content_type": 13, "object_id": "2", "object_repr": "None", "action_flag": "create", "message": "Added."}}, {"model": "xadmin.log", "pk": 23, "fields": {"action_time": "2019-12-13T15:37:15.757", "user": 2, "ip_addr": "127.0.0.1", "content_type": 14, "object_id": "2", "object_repr": "Udemy", "action_flag": "create", "message": "Added."}}, {"model": "xadmin.log", "pk": 24, "fields": {"action_time": "2019-12-13T15:49:40.505", "user": 2, "ip_addr": "127.0.0.1", "content_type": 15, "object_id": "2", "object_repr": "Ryan Kroonenburg", "action_flag": "create", "message": "Added."}}, {"model": "xadmin.log", "pk": 25, "fields": {"action_time": "2019-12-13T15:51:47.029", "user": 2, "ip_addr": "127.0.0.1", "content_type": 15, "object_id": "3", "object_repr": "Faye Ellis", "action_flag": "create", "message": "Added."}}, {"model": "xadmin.log", "pk": 26, "fields": {"action_time": "2019-12-13T15:56:37.521", "user": 2, "ip_addr": "127.0.0.1", "content_type": 4, "object_id": "2", "object_repr": "AWS Certified Solutions Architect - Associate 2020", "action_flag": "create", "message": "Added."}}, {"model": "xadmin.log", "pk": 27, "fields": {"action_time": "2019-12-13T16:02:30.243", "user": 2, "ip_addr": "127.0.0.1", "content_type": 4, "object_id": "3", "object_repr": "AWS Lambda", "action_flag": "create", "message": "Added."}}, {"model": "xadmin.log", "pk": 28, "fields": {"action_time": "2019-12-13T16:56:16.240", "user": 2, "ip_addr": "127.0.0.1", "content_type": 5, "object_id": "1", "object_repr": "CourseResource object (1)", "action_flag": "create", "message": "Added."}}, {"model": "xadmin.log", "pk": 29, "fields": {"action_time": "2019-12-13T16:57:34.073", "user": 2, "ip_addr": "127.0.0.1", "content_type": 7, "object_id": "2", "object_repr": "Syntax. Variables. Data Types. Operators. Boolean Expressions and Conditionals. Loops.", "action_flag": "change", "message": "Changed url."}}, {"model": "xadmin.log", "pk": 30, "fields": {"action_time": "2019-12-13T17:00:27.351", "user": 2, "ip_addr": "127.0.0.1", "content_type": 7, "object_id": "2", "object_repr": "Syntax. Variables. Data Types. Operators. Boolean Expressions and Conditionals. Loops.", "action_flag": "change", "message": "Changed url."}}, {"model": "xadmin.log", "pk": 31, "fields": {"action_time": "2019-12-13T17:08:51.639", "user": 2, "ip_addr": "127.0.0.1", "content_type": 7, "object_id": "2", "object_repr": "Syntax. Variables. Data Types. Operators. Boolean Expressions and Conditionals. Loops.", "action_flag": "change", "message": "Changed url."}}, {"model": "xadmin.log", "pk": 32, "fields": {"action_time": "2019-12-13T17:20:23.770", "user": 2, "ip_addr": "127.0.0.1", "content_type": 4, "object_id": "4", "object_repr": "AWS Certified Developer", "action_flag": "create", "message": "Added."}}, {"model": "xadmin.log", "pk": 33, "fields": {"action_time": "2019-12-13T17:21:41.388", "user": 2, "ip_addr": "127.0.0.1", "content_type": 4, "object_id": "2", "object_repr": "AWS Certified Solutions Architect", "action_flag": "change", "message": "Changed name."}}, {"model": "xadmin.log", "pk": 34, "fields": {"action_time": "2019-12-13T17:22:50.678", "user": 2, "ip_addr": "127.0.0.1", "content_type": 4, "object_id": "2", "object_repr": "AWS  Solutions Architect", "action_flag": "change", "message": "Changed name."}}, {"model": "xadmin.log", "pk": 35, "fields": {"action_time": "2019-12-14T13:36:43.111", "user": 2, "ip_addr": "127.0.0.1", "content_type": 2, "object_id": "2", "object_repr": "Banner object (2)", "action_flag": "change", "message": "Changed image."}}, {"model": "xadmin.log", "pk": 36, "fields": {"action_time": "2019-12-14T13:40:16.928", "user": 2, "ip_addr": "127.0.0.1", "content_type": 2, "object_id": "2", "object_repr": "Banner object (2)", "action_flag": "change", "message": "Changed image."}}, {"model": "xadmin.log", "pk": 37, "fields": {"action_time": "2019-12-14T13:40:54.181", "user": 2, "ip_addr": "127.0.0.1", "content_type": 2, "object_id": "3", "object_repr": "Banner object (3)", "action_flag": "change", "message": "Changed image."}}, {"model": "xadmin.log", "pk": 38, "fields": {"action_time": "2019-12-15T14:09:35.584", "user": 2, "ip_addr": "127.0.0.1", "content_type": 5, "object_id": "2", "object_repr": "CourseResource object (2)", "action_flag": "create", "message": "Added."}}, {"model": "xadmin.log", "pk": 39, "fields": {"action_time": "2019-12-15T14:10:46.449", "user": 2, "ip_addr": "127.0.0.1", "content_type": 7, "object_id": "2", "object_repr": "Syntax. Variables. Data Types. Operators. Boolean Expressions and Conditionals. Loops.", "action_flag": "change", "message": "Changed learning_time."}}, {"model": "xadmin.log", "pk": 40, "fields": {"action_time": "2019-12-15T14:12:24.572", "user": 2, "ip_addr": "127.0.0.1", "content_type": 7, "object_id": "1", "object_repr": "Binary. ASCII. Algorithms. Pseudocode. Scratch.", "action_flag": "change", "message": "Changed url and learning_time."}}, {"model": "xadmin.log", "pk": 41, "fields": {"action_time": "2020-07-23T21:52:56.412", "user": 4, "ip_addr": "127.0.0.1", "content_type": 6, "object_id": "10", "object_repr": "CS50's Introduction to Computer Science >> testing", "action_flag": "create", "message": "Added."}}, {"model": "xadmin.log", "pk": 42, "fields": {"action_time": "2020-07-23T21:54:40.200", "user": 4, "ip_addr": "127.0.0.1", "content_type": 7, "object_id": "3", "object_repr": "testin", "action_flag": "create", "message": "Added."}}, {"model": "xadmin.log", "pk": 43, "fields": {"action_time": "2020-07-23T21:59:46.083", "user": 4, "ip_addr": "127.0.0.1", "content_type": 7, "object_id": "3", "object_repr": "testin", "action_flag": "change", "message": "Changed url."}}, {"model": "xadmin.log", "pk": 44, "fields": {"action_time": "2020-07-23T22:00:22.547", "user": 4, "ip_addr": "127.0.0.1", "content_type": 7, "object_id": "3", "object_repr": "testin", "action_flag": "change", "message": "Changed url."}}, {"model": "xadmin.log", "pk": 45, "fields": {"action_time": "2020-07-23T22:02:37.569", "user": 4, "ip_addr": "127.0.0.1", "content_type": 7, "object_id": "3", "object_repr": "testin", "action_flag": "change", "message": "Changed url."}}, {"model": "xadmin.log", "pk": 46, "fields": {"action_time": "2020-07-23T22:04:25.894", "user": 4, "ip_addr": "127.0.0.1", "content_type": 7, "object_id": "3", "object_repr": "testin", "action_flag": "change", "message": "Changed url."}}, {"model": "xadmin.log", "pk": 47, "fields": {"action_time": "2020-07-23T22:06:44.510", "user": 4, "ip_addr": "127.0.0.1", "content_type": 7, "object_id": "3", "object_repr": "testin", "action_flag": "change", "message": "Changed url."}}, {"model": "xadmin.log", "pk": 48, "fields": {"action_time": "2020-07-24T20:13:03.917", "user": 4, "ip_addr": "127.0.0.1", "content_type": 7, "object_id": "3", "object_repr": "testin", "action_flag": "change", "message": "Changed url."}}, {"model": "xadmin.log", "pk": 49, "fields": {"action_time": "2020-07-24T20:16:09.914", "user": 4, "ip_addr": "127.0.0.1", "content_type": 7, "object_id": "3", "object_repr": "testin", "action_flag": "change", "message": "Changed url."}}, {"model": "xadmin.log", "pk": 50, "fields": {"action_time": "2020-07-25T11:05:51.055", "user": 4, "ip_addr": "127.0.0.1", "content_type": 7, "object_id": "3", "object_repr": "testin", "action_flag": "change", "message": "Changed url."}}, {"model": "xadmin.log", "pk": 51, "fields": {"action_time": "2020-07-25T11:06:44.625", "user": 4, "ip_addr": "127.0.0.1", "content_type": 7, "object_id": "3", "object_repr": "testin", "action_flag": "change", "message": "Changed url."}}, {"model": "xadmin.log", "pk": 52, "fields": {"action_time": "2020-07-25T11:07:54.115", "user": 4, "ip_addr": "127.0.0.1", "content_type": 7, "object_id": "3", "object_repr": "testin", "action_flag": "change", "message": "Changed url."}}, {"model": "xadmin.log", "pk": 53, "fields": {"action_time": "2020-07-25T11:13:39.664", "user": 4, "ip_addr": "127.0.0.1", "content_type": 7, "object_id": "3", "object_repr": "testin", "action_flag": "change", "message": "Changed url."}}, {"model": "xadmin.log", "pk": 54, "fields": {"action_time": "2020-07-25T11:15:36.403", "user": 4, "ip_addr": "127.0.0.1", "content_type": 7, "object_id": "3", "object_repr": "testin", "action_flag": "change", "message": "Changed url."}}, {"model": "xadmin.log", "pk": 55, "fields": {"action_time": "2020-07-25T11:31:11.006", "user": 4, "ip_addr": "127.0.0.1", "content_type": 7, "object_id": "3", "object_repr": "testin", "action_flag": "change", "message": "Changed url."}}, {"model": "xadmin.log", "pk": 56, "fields": {"action_time": "2020-07-27T15:59:13.593", "user": 4, "ip_addr": "127.0.0.1", "content_type": 7, "object_id": "3", "object_repr": "testin", "action_flag": "change", "message": "Changed url."}}, {"model": "xadmin.log", "pk": 57, "fields": {"action_time": "2020-07-27T16:00:00.917", "user": 4, "ip_addr": "127.0.0.1", "content_type": 7, "object_id": "3", "object_repr": "testin", "action_flag": "change", "message": "Changed url."}}, {"model": "xadmin.log", "pk": 58, "fields": {"action_time": "2020-07-27T16:10:26.990", "user": 4, "ip_addr": "127.0.0.1", "content_type": 7, "object_id": "3", "object_repr": "testin", "action_flag": "change", "message": "Changed url."}}, {"model": "xadmin.log", "pk": 59, "fields": {"action_time": "2020-07-27T16:13:59.119", "user": 4, "ip_addr": "127.0.0.1", "content_type": 7, "object_id": "3", "object_repr": "testin", "action_flag": "change", "message": "Changed url."}}, {"model": "xadmin.log", "pk": 60, "fields": {"action_time": "2020-07-27T16:21:23.261", "user": 4, "ip_addr": "127.0.0.1", "content_type": 7, "object_id": "3", "object_repr": "testin", "action_flag": "change", "message": "Changed url."}}, {"model": "xadmin.log", "pk": 61, "fields": {"action_time": "2020-07-27T16:23:14.564", "user": 4, "ip_addr": "127.0.0.1", "content_type": 7, "object_id": "3", "object_repr": "testin", "action_flag": "change", "message": "Changed url."}}, {"model": "xadmin.log", "pk": 62, "fields": {"action_time": "2020-07-27T16:24:00.441", "user": 4, "ip_addr": "127.0.0.1", "content_type": 7, "object_id": "3", "object_repr": "testin", "action_flag": "change", "message": "Changed url."}}, {"model": "xadmin.log", "pk": 63, "fields": {"action_time": "2020-07-27T16:24:39.485", "user": 4, "ip_addr": "127.0.0.1", "content_type": 7, "object_id": "3", "object_repr": "testin", "action_flag": "change", "message": "Changed url."}}, {"model": "xadmin.log", "pk": 64, "fields": {"action_time": "2020-07-27T16:25:03.115", "user": 4, "ip_addr": "127.0.0.1", "content_type": 7, "object_id": "3", "object_repr": "testin", "action_flag": "change", "message": "Changed url."}}, {"model": "xadmin.log", "pk": 65, "fields": {"action_time": "2020-07-27T16:28:20.227", "user": 4, "ip_addr": "127.0.0.1", "content_type": 7, "object_id": "3", "object_repr": "testin", "action_flag": "change", "message": "No fields changed."}}, {"model": "xadmin.log", "pk": 66, "fields": {"action_time": "2020-07-27T16:29:02.365", "user": 4, "ip_addr": "127.0.0.1", "content_type": 7, "object_id": "3", "object_repr": "testin", "action_flag": "change", "message": "Changed url."}}, {"model": "xadmin.log", "pk": 67, "fields": {"action_time": "2020-07-27T16:38:51.931", "user": 4, "ip_addr": "127.0.0.1", "content_type": 7, "object_id": "3", "object_repr": "testin", "action_flag": "change", "message": "Changed url."}}, {"model": "xadmin.log", "pk": 68, "fields": {"action_time": "2020-07-27T16:39:41.457", "user": 4, "ip_addr": "127.0.0.1", "content_type": 7, "object_id": "3", "object_repr": "testin", "action_flag": "change", "message": "Changed url."}}, {"model": "xadmin.log", "pk": 69, "fields": {"action_time": "2020-07-27T16:53:19.456", "user": 4, "ip_addr": "127.0.0.1", "content_type": 7, "object_id": "3", "object_repr": "testin", "action_flag": "change", "message": "Changed url."}}, {"model": "xadmin.log", "pk": 70, "fields": {"action_time": "2020-07-27T16:54:12.912", "user": 4, "ip_addr": "127.0.0.1", "content_type": 7, "object_id": "3", "object_repr": "testin", "action_flag": "change", "message": "Changed url."}}, {"model": "xadmin.log", "pk": 71, "fields": {"action_time": "2020-07-27T16:54:42.584", "user": 4, "ip_addr": "127.0.0.1", "content_type": 7, "object_id": "3", "object_repr": "testin", "action_flag": "change", "message": "No fields changed."}}, {"model": "xadmin.log", "pk": 72, "fields": {"action_time": "2020-07-27T16:55:07.823", "user": 4, "ip_addr": "127.0.0.1", "content_type": 7, "object_id": "3", "object_repr": "testin", "action_flag": "change", "message": "No fields changed."}}, {"model": "xadmin.log", "pk": 73, "fields": {"action_time": "2020-07-27T16:55:52.316", "user": 4, "ip_addr": "127.0.0.1", "content_type": 7, "object_id": "3", "object_repr": "testin", "action_flag": "change", "message": "Changed url."}}, {"model": "xadmin.log", "pk": 74, "fields": {"action_time": "2020-07-27T16:56:21.260", "user": 4, "ip_addr": "127.0.0.1", "content_type": 7, "object_id": "3", "object_repr": "testin", "action_flag": "change", "message": "Changed url."}}, {"model": "xadmin.log", "pk": 75, "fields": {"action_time": "2020-07-27T16:56:37.584", "user": 4, "ip_addr": "127.0.0.1", "content_type": 7, "object_id": "3", "object_repr": "testin", "action_flag": "change", "message": "Changed url."}}, {"model": "xadmin.log", "pk": 76, "fields": {"action_time": "2020-09-24T08:33:44.719", "user": 4, "ip_addr": "127.0.0.1", "content_type": 7, "object_id": "4", "object_repr": "another test", "action_flag": "create", "message": "Added."}}, {"model": "xadmin.log", "pk": 77, "fields": {"action_time": "2020-09-24T08:47:57.061", "user": 4, "ip_addr": "127.0.0.1", "content_type": 7, "object_id": "3", "object_repr": "testin", "action_flag": "change", "message": "Changed url."}}, {"model": "xadmin.log", "pk": 78, "fields": {"action_time": "2020-12-30T22:56:10.190", "user": 4, "ip_addr": "127.0.0.1", "content_type": 6, "object_id": "11", "object_repr": "AWS  Solutions Architect >> testing", "action_flag": "create", "message": "Added."}}, {"model": "xadmin.log", "pk": 79, "fields": {"action_time": "2020-12-30T22:56:26.300", "user": 4, "ip_addr": "127.0.0.1", "content_type": 7, "object_id": "5", "object_repr": "testing the sidebar", "action_flag": "create", "message": "Added."}}, {"model": "xadmin.log", "pk": 80, "fields": {"action_time": "2020-12-30T23:40:41.115", "user": 4, "ip_addr": "127.0.0.1", "content_type": 6, "object_id": "12", "object_repr": "AWS Lambda >> testing for aws lambda", "action_flag": "create", "message": "Added."}}, {"model": "xadmin.log", "pk": 81, "fields": {"action_time": "2020-12-30T23:41:06.090", "user": 4, "ip_addr": "127.0.0.1", "content_type": 7, "object_id": "6", "object_repr": "first video lambda", "action_flag": "create", "message": "Added."}}, {"model": "xadmin.log", "pk": 82, "fields": {"action_time": "2020-12-30T23:42:12.870", "user": 4, "ip_addr": "127.0.0.1", "content_type": 6, "object_id": "13", "object_repr": "AWS Certified Developer >> first chapter", "action_flag": "create", "message": "Added."}}, {"model": "xadmin.log", "pk": 83, "fields": {"action_time": "2020-12-30T23:42:29.655", "user": 4, "ip_addr": "127.0.0.1", "content_type": 7, "object_id": "7", "object_repr": "so it all works good huh", "action_flag": "create", "message": "Added."}}, {"model": "xadmin.log", "pk": 84, "fields": {"action_time": "2021-01-01T20:13:54.404", "user": 4, "ip_addr": "127.0.0.1", "content_type": 4, "object_id": "5", "object_repr": "Python In Tamil", "action_flag": "create", "message": "Added."}}, {"model": "xadmin.log", "pk": 85, "fields": {"action_time": "2021-01-01T20:17:35.426", "user": 4, "ip_addr": "127.0.0.1", "content_type": 6, "object_id": "14", "object_repr": "Python In Tamil >> First Program", "action_flag": "create", "message": "Added."}}, {"model": "xadmin.log", "pk": 86, "fields": {"action_time": "2021-01-01T20:18:00.023", "user": 4, "ip_addr": "127.0.0.1", "content_type": 6, "object_id": "15", "object_repr": "Python In Tamil >> Math & Variables", "action_flag": "create", "message": "Added."}}, {"model": "xadmin.log", "pk": 87, "fields": {"action_time": "2021-01-01T20:18:23.848", "user": 4, "ip_addr": "127.0.0.1", "content_type": 6, "object_id": "16", "object_repr": "Python In Tamil >> Datatypes & Input Statement", "action_flag": "create", "message": "Added."}}, {"model": "xadmin.log", "pk": 88, "fields": {"action_time": "2021-01-01T20:18:55.527", "user": 4, "ip_addr": "127.0.0.1", "content_type": 6, "object_id": "17", "object_repr": "Python In Tamil >> Conditional Statements", "action_flag": "create", "message": "Added."}}, {"model": "xadmin.log", "pk": 89, "fields": {"action_time": "2021-01-01T20:19:12.224", "user": 4, "ip_addr": "127.0.0.1", "content_type": 6, "object_id": "18", "object_repr": "Python In Tamil >> Applied Python - NLP", "action_flag": "create", "message": "Added."}}, {"model": "xadmin.log", "pk": 90, "fields": {"action_time": "2021-01-01T20:19:30.353", "user": 4, "ip_addr": "127.0.0.1", "content_type": 6, "object_id": "19", "object_repr": "Python In Tamil >> Functions in Python", "action_flag": "create", "message": "Added."}}, {"model": "xadmin.log", "pk": 91, "fields": {"action_time": "2021-01-01T20:19:43.612", "user": 4, "ip_addr": "127.0.0.1", "content_type": 6, "object_id": "20", "object_repr": "Python In Tamil >> Looping Statements", "action_flag": "create", "message": "Added."}}, {"model": "xadmin.log", "pk": 92, "fields": {"action_time": "2021-01-01T20:19:58.362", "user": 4, "ip_addr": "127.0.0.1", "content_type": 6, "object_id": "20", "object_repr": "Python In Tamil >> Looping Statements", "action_flag": "change", "message": "No fields changed."}}, {"model": "xadmin.log", "pk": 93, "fields": {"action_time": "2021-01-01T20:20:06.385", "user": 4, "ip_addr": "127.0.0.1", "content_type": 6, "object_id": "21", "object_repr": "Python In Tamil >> Project", "action_flag": "create", "message": "Added."}}, {"model": "xadmin.log", "pk": 94, "fields": {"action_time": "2021-01-01T20:20:26.143", "user": 4, "ip_addr": "127.0.0.1", "content_type": 6, "object_id": "22", "object_repr": "Python In Tamil >> Strings", "action_flag": "create", "message": "Added."}}, {"model": "xadmin.log", "pk": 95, "fields": {"action_time": "2021-01-01T20:20:33.663", "user": 4, "ip_addr": "127.0.0.1", "content_type": 6, "object_id": "23", "object_repr": "Python In Tamil >> List", "action_flag": "create", "message": "Added."}}, {"model": "xadmin.log", "pk": 96, "fields": {"action_time": "2021-01-01T20:20:40.304", "user": 4, "ip_addr": "127.0.0.1", "content_type": 6, "object_id": "24", "object_repr": "Python In Tamil >> Tuple", "action_flag": "create", "message": "Added."}}, {"model": "xadmin.log", "pk": 97, "fields": {"action_time": "2021-01-01T20:20:49.302", "user": 4, "ip_addr": "127.0.0.1", "content_type": 6, "object_id": "25", "object_repr": "Python In Tamil >> Dictionary", "action_flag": "create", "message": "Added."}}, {"model": "xadmin.log", "pk": 98, "fields": {"action_time": "2021-01-01T20:21:29.768", "user": 4, "ip_addr": "127.0.0.1", "content_type": 6, "object_id": "26", "object_repr": "Python In Tamil >> Exception Handling", "action_flag": "create", "message": "Added."}}, {"model": "xadmin.log", "pk": 99, "fields": {"action_time": "2021-01-01T20:24:37.961", "user": 4, "ip_addr": "127.0.0.1", "content_type": 7, "object_id": "8", "object_repr": "Installation & your first Program", "action_flag": "create", "message": "Added."}}, {"model": "xadmin.log", "pk": 100, "fields": {"action_time": "2021-01-01T20:25:30.734", "user": 4, "ip_addr": "127.0.0.1", "content_type": 7, "object_id": "9", "object_repr": "Math Operations in Python", "action_flag": "create", "message": "Added."}}, {"model": "xadmin.log", "pk": 101, "fields": {"action_time": "2021-01-01T20:26:29.566", "user": 4, "ip_addr": "127.0.0.1", "content_type": 7, "object_id": "10", "object_repr": "Variables", "action_flag": "create", "message": "Added."}}, {"model": "xadmin.log", "pk": 102, "fields": {"action_time": "2021-01-01T20:27:33.389", "user": 4, "ip_addr": "127.0.0.1", "content_type": 7, "object_id": "11", "object_repr": "Datatypes", "action_flag": "create", "message": "Added."}}, {"model": "xadmin.log", "pk": 103, "fields": {"action_time": "2021-01-01T20:28:14.047", "user": 4, "ip_addr": "127.0.0.1", "content_type": 7, "object_id": "12", "object_repr": "Input Statement", "action_flag": "create", "message": "Added."}}, {"model": "xadmin.log", "pk": 104, "fields": {"action_time": "2021-01-01T20:29:10.859", "user": 4, "ip_addr": "127.0.0.1", "content_type": 7, "object_id": "13", "object_repr": "Add Two Num", "action_flag": "create", "message": "Added."}}, {"model": "xadmin.log", "pk": 105, "fields": {"action_time": "2021-01-01T20:29:46.456", "user": 4, "ip_addr": "127.0.0.1", "content_type": 7, "object_id": "14", "object_repr": "If Condition", "action_flag": "create", "message": "Added."}}, {"model": "xadmin.log", "pk": 106, "fields": {"action_time": "2021-01-01T20:30:55.801", "user": 4, "ip_addr": "127.0.0.1", "content_type": 7, "object_id": "15", "object_repr": "If Condition (Part 2)", "action_flag": "create", "message": "Added."}}, {"model": "xadmin.log", "pk": 107, "fields": {"action_time": "2021-01-01T20:31:51.521", "user": 4, "ip_addr": "127.0.0.1", "content_type": 7, "object_id": "16", "object_repr": "Comments", "action_flag": "create", "message": "Added."}}, {"model": "xadmin.log", "pk": 108, "fields": {"action_time": "2021-01-01T20:33:07.769", "user": 4, "ip_addr": "127.0.0.1", "content_type": 7, "object_id": "16", "object_repr": "Comments", "action_flag": "change", "message": "Changed url."}}, {"model": "xadmin.log", "pk": 109, "fields": {"action_time": "2021-01-01T20:39:15.438", "user": 4, "ip_addr": "127.0.0.1", "content_type": 7, "object_id": "15", "object_repr": "If Condition (Part 2)", "action_flag": "change", "message": "Changed url."}}, {"model": "xadmin.log", "pk": 110, "fields": {"action_time": "2021-01-01T20:40:15.993", "user": 4, "ip_addr": "127.0.0.1", "content_type": 7, "object_id": "16", "object_repr": "Comments", "action_flag": "change", "message": "Changed url."}}, {"model": "xadmin.log", "pk": 111, "fields": {"action_time": "2021-01-01T20:42:40.275", "user": 4, "ip_addr": "127.0.0.1", "content_type": null, "object_id": null, "object_repr": "", "action_flag": "delete", "message": "Batch delete 10 Chapter."}}, {"model": "xadmin.log", "pk": 112, "fields": {"action_time": "2021-01-01T20:43:37.595", "user": 4, "ip_addr": "127.0.0.1", "content_type": 7, "object_id": "8", "object_repr": "Installation & your first Program", "action_flag": "change", "message": "Changed url."}}, {"model": "xadmin.log", "pk": 113, "fields": {"action_time": "2021-10-22T20:06:34.521", "user": 4, "ip_addr": "127.0.0.1", "content_type": 14, "object_id": "3", "object_repr": "productivv", "action_flag": "create", "message": "Added."}}, {"model": "xadmin.log", "pk": 114, "fields": {"action_time": "2021-10-22T20:06:42.783", "user": 4, "ip_addr": "127.0.0.1", "content_type": 4, "object_id": "5", "object_repr": "Python In Tamil", "action_flag": "change", "message": "Changed course_org."}}, {"model": "xadmin.log", "pk": 115, "fields": {"action_time": "2021-11-06T00:43:49.823", "user": 4, "ip_addr": "127.0.0.1", "content_type": 7, "object_id": "8", "object_repr": "Installation & your first Program", "action_flag": "change", "message": "Changed url."}}, {"model": "xadmin.log", "pk": 116, "fields": {"action_time": "2021-12-07T13:42:14.454", "user": 4, "ip_addr": "127.0.0.1", "content_type": 4, "object_id": "5", "object_repr": "Python In Tamil", "action_flag": "change", "message": "Changed price."}}, {"model": "xadmin.log", "pk": 117, "fields": {"action_time": "2021-12-07T23:18:13.782", "user": 4, "ip_addr": "127.0.0.1", "content_type": 4, "object_id": "4", "object_repr": "AWS Certified Developer", "action_flag": "change", "message": "Changed price."}}, {"model": "xadmin.log", "pk": 118, "fields": {"action_time": "2021-12-07T23:18:25.328", "user": 4, "ip_addr": "127.0.0.1", "content_type": 4, "object_id": "3", "object_repr": "AWS Lambda", "action_flag": "change", "message": "Changed price."}}, {"model": "xadmin.log", "pk": 119, "fields": {"action_time": "2021-12-07T23:18:37.381", "user": 4, "ip_addr": "127.0.0.1", "content_type": 4, "object_id": "2", "object_repr": "AWS  Solutions Architect", "action_flag": "change", "message": "Changed price."}}, {"model": "xadmin.log", "pk": 120, "fields": {"action_time": "2021-12-07T23:18:52.519", "user": 4, "ip_addr": "127.0.0.1", "content_type": 4, "object_id": "1", "object_repr": "CS50's Introduction to Computer Science", "action_flag": "change", "message": "Changed price."}}, {"model": "xadmin.log", "pk": 121, "fields": {"action_time": "2021-12-11T01:14:47.769", "user": 4, "ip_addr": "127.0.0.1", "content_type": 18, "object_id": "1", "object_repr": "productivv chart widget", "action_flag": "delete", "message": ""}}, {"model": "xadmin.log", "pk": 122, "fields": {"action_time": "2022-01-17T03:45:31.648", "user": 4, "ip_addr": "127.0.0.1", "content_type": 15, "object_id": "4", "object_repr": "Richard Rozario", "action_flag": "create", "message": "Added."}}, {"model": "xadmin.log", "pk": 123, "fields": {"action_time": "2022-01-17T03:45:37.556", "user": 4, "ip_addr": "127.0.0.1", "content_type": 4, "object_id": "5", "object_repr": "Python In Tamil", "action_flag": "change", "message": "Changed teacher."}}, {"model": "xadmin.log", "pk": 124, "fields": {"action_time": "2022-01-17T17:08:26.860", "user": 4, "ip_addr": "127.0.0.1", "content_type": 4, "object_id": "4", "object_repr": "AWS Certified Developer", "action_flag": "change", "message": "Changed price."}}, {"model": "xadmin.log", "pk": 125, "fields": {"action_time": "2022-01-18T03:02:09.352", "user": 4, "ip_addr": "127.0.0.1", "content_type": 4, "object_id": "5", "object_repr": "Python In Tamil", "action_flag": "change", "message": "Changed teacher_advice."}}, {"model": "xadmin.log", "pk": 126, "fields": {"action_time": "2022-01-19T10:38:27.328", "user": 29, "ip_addr": "127.0.0.1", "content_type": 1, "object_id": "1", "object_repr": "selim", "action_flag": "delete", "message": ""}}]